<object-stream>
  <com.fatwire.realtime.ResourceDataImpl>
    <id class="string">fatwire/getAllDeviceGroups</id>
    <resourceType>ELEMENTCATALOG</resourceType>
    <deps class="empty-set"/>
    <data class="com.openmarket.xcelerate.common.ElementCatalogEntry" serialization="custom">
      <com.openmarket.xcelerate.common.ElementCatalogEntry>
        <int>1</int>
        <string>fatwire/getAllDeviceGroups</string>
        <string>Element to load devicegroup for remote satellite server</string>
        <string></string>
        <string></string>
        <string>fatwire/getAllDeviceGroups.jsp</string>
        <string></string>
        <string></string>
      </com.openmarket.xcelerate.common.ElementCatalogEntry>
    </data>
  </com.fatwire.realtime.ResourceDataImpl>
</object-stream>
<!--==================___ METADATA ___================
<dependencies>
  <linked-hash-set/>
</dependencies>
==================______________________==================
#
storable0=/ELEMENTS/JSP/fatwire/getAllDeviceGroups.jsp|null|_storable_type\=%2FELEMENTS%2FJSP%2Ffatwire%2FgetAllDeviceGroups.jsp
@hashval=-2107310322
key=@ELEMENTCATALOG-fatwire/getAllDeviceGroups
type=ELEMENTCATALOG

==================___ END METADATA ___==================-->
