<object-stream>
  <com.fatwire.realtime.ResourceDataImpl>
    <id class="string">fatwire/getAllUserGroups</id>
    <resourceType>ELEMENTCATALOG</resourceType>
    <deps class="empty-set"/>
    <data class="com.openmarket.xcelerate.common.ElementCatalogEntry" serialization="custom">
      <com.openmarket.xcelerate.common.ElementCatalogEntry>
        <int>1</int>
        <string>fatwire/getAllUserGroups</string>
        <string>Used for retrieving all the user groups configurations from Content Server to Satellite Server</string>
        <string></string>
        <string></string>
        <string>fatwire/getAllUserGroups.jsp</string>
        <string></string>
        <string></string>
      </com.openmarket.xcelerate.common.ElementCatalogEntry>
    </data>
  </com.fatwire.realtime.ResourceDataImpl>
</object-stream>
<!--==================___ METADATA ___================
<dependencies>
  <linked-hash-set/>
</dependencies>
==================______________________==================
#
storable0=/ELEMENTS/JSP/fatwire/getAllUserGroups.jsp|null|_storable_type\=%2FELEMENTS%2FJSP%2Ffatwire%2FgetAllUserGroups.jsp
@hashval=163209319
key=@ELEMENTCATALOG-fatwire/getAllUserGroups
type=ELEMENTCATALOG

==================___ END METADATA ___==================-->
