<object-stream>
  <com.fatwire.realtime.ResourceDataImpl>
    <id class="string">fatwire/getAllSecurityConfigs</id>
    <resourceType>ELEMENTCATALOG</resourceType>
    <deps class="empty-set"/>
    <data class="com.openmarket.xcelerate.common.ElementCatalogEntry" serialization="custom">
      <com.openmarket.xcelerate.common.ElementCatalogEntry>
        <int>1</int>
        <string>fatwire/getAllSecurityConfigs</string>
        <string>Used for retrieving all the security configurations from Content Server to Satellite Server</string>
        <string></string>
        <string></string>
        <string>fatwire/getAllSecurityConfigs.jsp</string>
        <string></string>
        <string></string>
      </com.openmarket.xcelerate.common.ElementCatalogEntry>
    </data>
  </com.fatwire.realtime.ResourceDataImpl>
</object-stream>
<!--==================___ METADATA ___================
<dependencies>
  <linked-hash-set/>
</dependencies>
==================______________________==================
#
storable0=/ELEMENTS/JSP/fatwire/getAllSecurityConfigs.jsp|null|_storable_type\=%2FELEMENTS%2FJSP%2Ffatwire%2FgetAllSecurityConfigs.jsp
@hashval=1856409913
key=@ELEMENTCATALOG-fatwire/getAllSecurityConfigs
type=ELEMENTCATALOG

==================___ END METADATA ___==================-->
