<object-stream>
  <com.fatwire.realtime.ResourceDataImpl>
    <id class="string">fatwire/getDeviceUrl</id>
    <resourceType>ELEMENTCATALOG</resourceType>
    <deps class="empty-set"/>
    <data class="com.openmarket.xcelerate.common.ElementCatalogEntry" serialization="custom">
      <com.openmarket.xcelerate.common.ElementCatalogEntry>
        <int>1</int>
        <string>fatwire/getDeviceUrl</string>
        <string>Element to get the detected device cs url for remote satellite server</string>
        <string></string>
        <string></string>
        <string>fatwire/getDeviceUrl.jsp</string>
        <string></string>
        <string></string>
      </com.openmarket.xcelerate.common.ElementCatalogEntry>
    </data>
  </com.fatwire.realtime.ResourceDataImpl>
</object-stream>
<!--==================___ METADATA ___================
<dependencies>
  <linked-hash-set/>
</dependencies>
==================______________________==================
#
storable0=/ELEMENTS/JSP/fatwire/getDeviceUrl.jsp|null|_storable_type\=%2FELEMENTS%2FJSP%2Ffatwire%2FgetDeviceUrl.jsp
@hashval=1171348434
key=@ELEMENTCATALOG-fatwire/getDeviceUrl
type=ELEMENTCATALOG

==================___ END METADATA ___==================-->
