<object-stream>
  <com.fatwire.realtime.ResourceDataImpl>
    <id class="string">fatwire/getRedirectUrl</id>
    <resourceType>ELEMENTCATALOG</resourceType>
    <deps class="empty-set"/>
    <data class="com.openmarket.xcelerate.common.ElementCatalogEntry" serialization="custom">
      <com.openmarket.xcelerate.common.ElementCatalogEntry>
        <int>1</int>
        <string>fatwire/getRedirectUrl</string>
        <string>Element to get redirect URL, specifically for a device. Returns friendly URL if one exists.</string>
        <string></string>
        <string></string>
        <string>fatwire/getRedirectUrl.jsp</string>
        <string></string>
        <string></string>
      </com.openmarket.xcelerate.common.ElementCatalogEntry>
    </data>
  </com.fatwire.realtime.ResourceDataImpl>
</object-stream>
<!--==================___ METADATA ___================
<dependencies>
  <linked-hash-set/>
</dependencies>
==================______________________==================
#
storable0=/ELEMENTS/JSP/fatwire/getRedirectUrl.jsp|null|_storable_type\=%2FELEMENTS%2FJSP%2Ffatwire%2FgetRedirectUrl.jsp
@hashval=1320496855
key=@ELEMENTCATALOG-fatwire/getRedirectUrl
type=ELEMENTCATALOG

==================___ END METADATA ___==================-->
