<object-stream>
  <com.fatwire.realtime.ResourceDataImpl>
    <id class="string">fatwire/getSiteCatalogs</id>
    <resourceType>ELEMENTCATALOG</resourceType>
    <deps class="empty-set"/>
    <data class="com.openmarket.xcelerate.common.ElementCatalogEntry" serialization="custom">
      <com.openmarket.xcelerate.common.ElementCatalogEntry>
        <int>1</int>
        <string>fatwire/getSiteCatalogs</string>
        <string>Element to load sitecatalog pagename for remote satellite server</string>
        <string></string>
        <string></string>
        <string>fatwire/getSiteCatalogs.jsp</string>
        <string></string>
        <string></string>
      </com.openmarket.xcelerate.common.ElementCatalogEntry>
    </data>
  </com.fatwire.realtime.ResourceDataImpl>
</object-stream>
<!--==================___ METADATA ___================
<dependencies>
  <linked-hash-set/>
</dependencies>
==================______________________==================
#
storable0=/ELEMENTS/JSP/fatwire/getSiteCatalogs.jsp|null|_storable_type\=%2FELEMENTS%2FJSP%2Ffatwire%2FgetSiteCatalogs.jsp
@hashval=-2049473236
key=@ELEMENTCATALOG-fatwire/getSiteCatalogs
type=ELEMENTCATALOG

==================___ END METADATA ___==================-->
