<object-stream>
  <com.fatwire.realtime.ResourceDataImpl>
    <id class="string">OpenMarket/Xcelerate/Admin/Publish/PublishingConsole</id>
    <resourceType>ELEMENTCATALOG</resourceType>
    <deps class="empty-set"/>
    <data class="com.openmarket.xcelerate.common.ElementCatalogEntry" serialization="custom">
      <com.openmarket.xcelerate.common.ElementCatalogEntry>
        <int>1</int>
        <string>OpenMarket/Xcelerate/Admin/Publish/PublishingConsole</string>
        <string>Publishing Console</string>
        <string></string>
        <string></string>
        <string>OpenMarket/Xcelerate/Admin/Publish/PublishingConsole.jsp</string>
        <string></string>
        <string></string>
      </com.openmarket.xcelerate.common.ElementCatalogEntry>
    </data>
  </com.fatwire.realtime.ResourceDataImpl>
</object-stream>
<!--==================___ METADATA ___================
<dependencies>
  <linked-hash-set/>
</dependencies>
==================______________________==================
#
storable0=/ELEMENTS/JSP/OpenMarket/Xcelerate/Admin/Publish/PublishingConsole.jsp|null|_storable_type\=%2FELEMENTS%2FJSP%2FOpenMarket%2FXcelerate%2FAdmin%2FPublish%2FPublishingConsole.jsp
@hashval=-349601242
key=@ELEMENTCATALOG-OpenMarket/Xcelerate/Admin/Publish/PublishingConsole
type=ELEMENTCATALOG

==================___ END METADATA ___==================-->
