<object-stream>
  <com.fatwire.realtime.ResourceDataImpl>
    <id class="string">OpenMarket/CSClient/setDimensionParent</id>
    <resourceType>ELEMENTCATALOG</resourceType>
    <deps class="empty-set"/>
    <data class="com.openmarket.xcelerate.common.ElementCatalogEntry" serialization="custom">
      <com.openmarket.xcelerate.common.ElementCatalogEntry>
        <int>1</int>
        <string>OpenMarket/CSClient/setDimensionParent</string>
        <string></string>
        <string></string>
        <string></string>
        <string>OpenMarket/CSClient/setDimensionParent.jsp</string>
        <string></string>
        <string></string>
      </com.openmarket.xcelerate.common.ElementCatalogEntry>
    </data>
  </com.fatwire.realtime.ResourceDataImpl>
</object-stream>
<!--==================___ METADATA ___================
<dependencies>
  <linked-hash-set/>
</dependencies>
==================______________________==================
#
storable0=/ELEMENTS/JSP/OpenMarket/CSClient/setDimensionParent.jsp|null|_storable_type\=%2FELEMENTS%2FJSP%2FOpenMarket%2FCSClient%2FsetDimensionParent.jsp
@hashval=-1812341287
key=@ELEMENTCATALOG-OpenMarket/CSClient/setDimensionParent
type=ELEMENTCATALOG

==================___ END METADATA ___==================-->
