<object-stream>
  <com.fatwire.realtime.ResourceDataImpl>
    <id class="string">OpenMarket/CSClient/ShowAttributes</id>
    <resourceType>ELEMENTCATALOG</resourceType>
    <deps class="empty-set"/>
    <data class="com.openmarket.xcelerate.common.ElementCatalogEntry" serialization="custom">
      <com.openmarket.xcelerate.common.ElementCatalogEntry>
        <int>1</int>
        <string>OpenMarket/CSClient/ShowAttributes</string>
        <string>Display asset data in CS DocLink</string>
        <string></string>
        <string></string>
        <string>OpenMarket/CSClient/ShowAttributes.jsp</string>
        <string></string>
        <string></string>
      </com.openmarket.xcelerate.common.ElementCatalogEntry>
    </data>
  </com.fatwire.realtime.ResourceDataImpl>
</object-stream>
<!--==================___ METADATA ___================
<dependencies>
  <linked-hash-set/>
</dependencies>
==================______________________==================
#
storable0=/ELEMENTS/JSP/OpenMarket/CSClient/ShowAttributes.jsp|null|_storable_type\=%2FELEMENTS%2FJSP%2FOpenMarket%2FCSClient%2FShowAttributes.jsp
@hashval=-2109215590
key=@ELEMENTCATALOG-OpenMarket/CSClient/ShowAttributes
type=ELEMENTCATALOG

==================___ END METADATA ___==================-->
