<object-stream>
  <com.fatwire.realtime.ResourceDataImpl>
    <id class="string">fatwire/ui/controller/controller</id>
    <resourceType>ELEMENTCATALOG</resourceType>
    <deps class="empty-set"/>
    <data class="com.openmarket.xcelerate.common.ElementCatalogEntry" serialization="custom">
      <com.openmarket.xcelerate.common.ElementCatalogEntry>
        <int>1</int>
        <string>fatwire/ui/controller/controller</string>
        <string>Controller for the UI</string>
        <string></string>
        <string></string>
        <string>fatwire/ui/controller/controller.jsp</string>
        <string></string>
        <string></string>
      </com.openmarket.xcelerate.common.ElementCatalogEntry>
    </data>
  </com.fatwire.realtime.ResourceDataImpl>
</object-stream>
<!--==================___ METADATA ___================
<dependencies>
  <linked-hash-set/>
</dependencies>
==================______________________==================
#
storable0=/ELEMENTS/JSP/fatwire/ui/controller/controller.jsp|null|_storable_type\=%2FELEMENTS%2FJSP%2Ffatwire%2Fui%2Fcontroller%2Fcontroller.jsp
@hashval=-1293011347
key=@ELEMENTCATALOG-fatwire/ui/controller/controller
type=ELEMENTCATALOG

==================___ END METADATA ___==================-->
