<object-stream>
  <com.fatwire.realtime.ResourceDataImpl>
    <id class="string">OpenMarket/Xcelerate/Admin/LocaleHierarchy/LocaleHierarchyEdit</id>
    <resourceType>ELEMENTCATALOG</resourceType>
    <deps class="empty-set"/>
    <data class="com.openmarket.xcelerate.common.ElementCatalogEntry" serialization="custom">
      <com.openmarket.xcelerate.common.ElementCatalogEntry>
        <int>1</int>
        <string>OpenMarket/Xcelerate/Admin/LocaleHierarchy/LocaleHierarchyEdit</string>
        <string>Edit locale hierarchy</string>
        <string></string>
        <string></string>
        <string>OpenMarket/Xcelerate/Admin/LocaleHierarchy/LocaleHierarchyEdit.jsp</string>
        <string></string>
        <string></string>
      </com.openmarket.xcelerate.common.ElementCatalogEntry>
    </data>
  </com.fatwire.realtime.ResourceDataImpl>
</object-stream>
<!--==================___ METADATA ___================
<dependencies>
  <linked-hash-set/>
</dependencies>
==================______________________==================
#
storable0=/ELEMENTS/JSP/OpenMarket/Xcelerate/Admin/LocaleHierarchy/LocaleHierarchyEdit.jsp|null|_storable_type\=%2FELEMENTS%2FJSP%2FOpenMarket%2FXcelerate%2FAdmin%2FLocaleHierarchy%2FLocaleHierarchyEdit.jsp
@hashval=1945157034
key=@ELEMENTCATALOG-OpenMarket/Xcelerate/Admin/LocaleHierarchy/LocaleHierarchyEdit
type=ELEMENTCATALOG

==================___ END METADATA ___==================-->
