<?xml version="1.0" encoding="UTF-8" standalone="yes"?>
<ns2:assetBean xmlns:ns2="http://www.fatwire.com/schema/rest/1.0">
    <id>CSElement:1155067092627</id>
    <name>FSIICommon/Nav/LocaleForm</name>
    <createdby>firstsite</createdby>
    <createddate>2006-08-08T16:38:21.000Z</createddate>
    <description>Locale selection form (cached for each asset and loads the dimension set)</description>
    <publist>FirstSiteII</publist>
    <status>PL</status>
    <subtype></subtype>
    <updatedby>firstsite</updatedby>
    <updateddate>2006-08-08T16:38:21.000Z</updateddate>
    <attribute>
        <name>startdate</name>
        <data/>
    </attribute>
    <attribute>
        <name>enddate</name>
        <data/>
    </attribute>
    <attribute>
        <name>filename</name>
        <data>
            <stringValue></stringValue>
        </data>
    </attribute>
    <attribute>
        <name>path</name>
        <data>
            <stringValue></stringValue>
        </data>
    </attribute>
    <attribute>
        <name>template</name>
        <data>
            <stringValue></stringValue>
        </data>
    </attribute>
    <attribute>
        <name>urlexternaldoc</name>
        <data/>
    </attribute>
    <attribute>
        <name>externaldoctype</name>
        <data>
            <stringValue></stringValue>
        </data>
    </attribute>
    <attribute>
        <name>urlexternaldocxml</name>
        <data/>
    </attribute>
    <attribute>
        <name>fw_uid</name>
        <data>
            <stringValue>99b815b2-0e26-43c6-bfab-80d73510cf75</stringValue>
        </data>
    </attribute>
    <attribute>
        <name>id</name>
        <data>
            <longValue>1155067092627</longValue>
        </data>
    </attribute>
    <attribute>
        <name>fwtags</name>
        <data/>
    </attribute>
    <attribute>
        <name>Webreference</name>
        <data/>
    </attribute>
    <attribute>
        <name>Composition</name>
        <data/>
    </attribute>
    <attribute>
        <name>Mapping</name>
        <data>
            <structList>
                <item>
                    <name>value</name>
                    <data>
                        <stringValue>DimensionSet:FSIIGlobal</stringValue>
                    </data>
                </item>
                <item>
                    <name>siteid</name>
                    <data>
                        <stringValue>1112198287026</stringValue>
                    </data>
                </item>
                <item>
                    <name>type</name>
                    <data>
                        <stringValue>assetname</stringValue>
                    </data>
                </item>
                <item>
                    <name>key</name>
                    <data>
                        <stringValue>GlobalDimSet</stringValue>
                    </data>
                </item>
            </structList>
            <structList>
                <item>
                    <name>value</name>
                    <data>
                        <stringValue>Page:FSIIHome</stringValue>
                    </data>
                </item>
                <item>
                    <name>siteid</name>
                    <data>
                        <stringValue>1112198287026</stringValue>
                    </data>
                </item>
                <item>
                    <name>type</name>
                    <data>
                        <stringValue>assetname</stringValue>
                    </data>
                </item>
                <item>
                    <name>key</name>
                    <data>
                        <stringValue>HomePage</stringValue>
                    </data>
                </item>
            </structList>
            <structList>
                <item>
                    <name>value</name>
                    <data>
                        <stringValue>/FSIILayout</stringValue>
                    </data>
                </item>
                <item>
                    <name>siteid</name>
                    <data>
                        <stringValue>1112198287026</stringValue>
                    </data>
                </item>
                <item>
                    <name>type</name>
                    <data>
                        <stringValue>tname</stringValue>
                    </data>
                </item>
                <item>
                    <name>key</name>
                    <data>
                        <stringValue>Layout</stringValue>
                    </data>
                </item>
            </structList>
            <structList>
                <item>
                    <name>value</name>
                    <data>
                        <stringValue>SiteEntry:FSIIWrapper</stringValue>
                    </data>
                </item>
                <item>
                    <name>siteid</name>
                    <data>
                        <stringValue>1112198287026</stringValue>
                    </data>
                </item>
                <item>
                    <name>type</name>
                    <data>
                        <stringValue>assetname</stringValue>
                    </data>
                </item>
                <item>
                    <name>key</name>
                    <data>
                        <stringValue>Wrapper</stringValue>
                    </data>
                </item>
            </structList>
        </data>
    </attribute>
    <attribute>
        <name>Arguments</name>
        <data/>
    </attribute>
    <attribute>
        <name>category</name>
        <data>
            <stringValue></stringValue>
        </data>
    </attribute>
    <attribute>
        <name>rootelement</name>
        <data>
            <stringValue>FSIICommon/Nav/LocaleForm</stringValue>
        </data>
    </attribute>
    <attribute>
        <name>elementname</name>
        <data>
            <stringValue>FSIICommon/Nav/LocaleForm</stringValue>
        </data>
    </attribute>
    <attribute>
        <name>resdetails1</name>
        <data>
            <stringValue>eid=1155067092627</stringValue>
        </data>
    </attribute>
    <attribute>
        <name>resdetails2</name>
        <data>
            <stringValue></stringValue>
        </data>
    </attribute>
    <attribute>
        <name>url</name>
        <data>
            <blobValue>
                <filename>FSIICommon/Nav/LocaleForm.jsp</filename>
                <foldername></foldername>
                <filedata></filedata>
            </blobValue>
        </data>
    </attribute>
    <associations>
        <href>myPathassociations</href>
    </associations>
</ns2:assetBean>

<!--==================___ METADATA ___================
<dependencies>
  <linked-hash-set>
    <dependency>
      <depType>N</depType>
      <resType>CSElement</resType>
      <resId>1155067092627</resId>
      <uid>99b815b2-0e26-43c6-bfab-80d73510cf75</uid>
    </dependency>
  </linked-hash-set>
</dependencies>
==================______________________==================
#
storable0=/ELEMENTS/JSP/FSIICommon/Nav/LocaleForm.jsp|UTF-8|_storable_type\=%2FELEMENTS%2FJSP%2FFSIICommon%2FNav%2FLocaleForm.jsp
@hashval=-313516318
key=CSElement-99b815b2-0e26-43c6-bfab-80d73510cf75
type=ASSETDATA
sites=FirstSiteII

==================___ END METADATA ___==================-->
