<object-stream>
  <com.fatwire.realtime.ResourceDataImpl>
    <id class="string">OpenMarket/Xcelerate/Actions/Publish/GetEmbededLinkExtraParams</id>
    <resourceType>ELEMENTCATALOG</resourceType>
    <deps class="empty-set"/>
    <data class="com.openmarket.xcelerate.common.ElementCatalogEntry" serialization="custom">
      <com.openmarket.xcelerate.common.ElementCatalogEntry>
        <int>1</int>
        <string>OpenMarket/Xcelerate/Actions/Publish/GetEmbededLinkExtraParams</string>
        <string>Compute embedded link extra parameters</string>
        <string></string>
        <string></string>
        <string>OpenMarket/Xcelerate/Actions/Publish/GetEmbededLinkExtraParams.jsp</string>
        <string></string>
        <string></string>
      </com.openmarket.xcelerate.common.ElementCatalogEntry>
    </data>
  </com.fatwire.realtime.ResourceDataImpl>
</object-stream>
<!--==================___ METADATA ___================
<dependencies>
  <linked-hash-set/>
</dependencies>
==================______________________==================
#
storable0=/ELEMENTS/JSP/OpenMarket/Xcelerate/Actions/Publish/GetEmbededLinkExtraParams.jsp|null|_storable_type\=%2FELEMENTS%2FJSP%2FOpenMarket%2FXcelerate%2FActions%2FPublish%2FGetEmbededLinkExtraParams.jsp
@hashval=-1003886832
key=@ELEMENTCATALOG-OpenMarket/Xcelerate/Actions/Publish/GetEmbededLinkExtraParams
type=ELEMENTCATALOG

==================___ END METADATA ___==================-->
