<object-stream>
  <com.fatwire.realtime.ResourceDataImpl>
    <id class="string">OpenMarket/Gator/FlexibleAssets/Attributes/AttributeEditors</id>
    <resourceType>ELEMENTCATALOG</resourceType>
    <deps class="empty-set"/>
    <data class="com.openmarket.xcelerate.common.ElementCatalogEntry" serialization="custom">
      <com.openmarket.xcelerate.common.ElementCatalogEntry>
        <int>1</int>
        <string>OpenMarket/Gator/FlexibleAssets/Attributes/AttributeEditors</string>
        <string></string>
        <string></string>
        <string></string>
        <string>OpenMarket/Gator/FlexibleAssets/Attributes/AttributeEditors.jsp</string>
        <string></string>
        <string></string>
      </com.openmarket.xcelerate.common.ElementCatalogEntry>
    </data>
  </com.fatwire.realtime.ResourceDataImpl>
</object-stream>
<!--==================___ METADATA ___================
<dependencies>
  <linked-hash-set/>
</dependencies>
==================______________________==================
#
storable0=/ELEMENTS/JSP/OpenMarket/Gator/FlexibleAssets/Attributes/AttributeEditors.jsp|null|_storable_type\=%2FELEMENTS%2FJSP%2FOpenMarket%2FGator%2FFlexibleAssets%2FAttributes%2FAttributeEditors.jsp
@hashval=1384825409
key=@ELEMENTCATALOG-OpenMarket/Gator/FlexibleAssets/Attributes/AttributeEditors
type=ELEMENTCATALOG

==================___ END METADATA ___==================-->
