<object-stream>
  <com.fatwire.realtime.ResourceDataImpl>
    <id class="string">OpenMarket/Xcelerate/Actions/populateDelegateUserInformation</id>
    <resourceType>ELEMENTCATALOG</resourceType>
    <deps class="empty-set"/>
    <data class="com.openmarket.xcelerate.common.ElementCatalogEntry" serialization="custom">
      <com.openmarket.xcelerate.common.ElementCatalogEntry>
        <int>1</int>
        <string>OpenMarket/Xcelerate/Actions/populateDelegateUserInformation</string>
        <string>Populate Delegate User Information for AlloyUI</string>
        <string></string>
        <string></string>
        <string>OpenMarket/Xcelerate/Actions/populateDelegateUserInformation.jsp</string>
        <string></string>
        <string></string>
      </com.openmarket.xcelerate.common.ElementCatalogEntry>
    </data>
  </com.fatwire.realtime.ResourceDataImpl>
</object-stream>
<!--==================___ METADATA ___================
<dependencies>
  <linked-hash-set/>
</dependencies>
==================______________________==================
#
storable0=/ELEMENTS/JSP/OpenMarket/Xcelerate/Actions/populateDelegateUserInformation.jsp|null|_storable_type\=%2FELEMENTS%2FJSP%2FOpenMarket%2FXcelerate%2FActions%2FpopulateDelegateUserInformation.jsp
@hashval=-1802048486
key=@ELEMENTCATALOG-OpenMarket/Xcelerate/Actions/populateDelegateUserInformation
type=ELEMENTCATALOG

==================___ END METADATA ___==================-->
