<object-stream>
  <com.fatwire.realtime.ResourceDataImpl>
    <id class="string">OpenMarket/Xcelerate/Admin/User/ShowAvailableTimeZones</id>
    <resourceType>ELEMENTCATALOG</resourceType>
    <deps class="empty-set"/>
    <data class="com.openmarket.xcelerate.common.ElementCatalogEntry" serialization="custom">
      <com.openmarket.xcelerate.common.ElementCatalogEntry>
        <int>1</int>
        <string>OpenMarket/Xcelerate/Admin/User/ShowAvailableTimeZones</string>
        <string>Displays available time zones</string>
        <string></string>
        <string></string>
        <string>OpenMarket/Xcelerate/Admin/User/ShowAvailableTimeZones.jsp</string>
        <string></string>
        <string></string>
      </com.openmarket.xcelerate.common.ElementCatalogEntry>
    </data>
  </com.fatwire.realtime.ResourceDataImpl>
</object-stream>
<!--==================___ METADATA ___================
<dependencies>
  <linked-hash-set/>
</dependencies>
==================______________________==================
#
storable0=/ELEMENTS/JSP/OpenMarket/Xcelerate/Admin/User/ShowAvailableTimeZones.jsp|null|_storable_type\=%2FELEMENTS%2FJSP%2FOpenMarket%2FXcelerate%2FAdmin%2FUser%2FShowAvailableTimeZones.jsp
@hashval=-1140932448
key=@ELEMENTCATALOG-OpenMarket/Xcelerate/Admin/User/ShowAvailableTimeZones
type=ELEMENTCATALOG

==================___ END METADATA ___==================-->
