<object-stream>
  <com.fatwire.realtime.ResourceDataImpl>
    <id class="string">OpenMarket/Gator/FlexibleAssets/Common/DetermineSelfManagedAddButton</id>
    <resourceType>ELEMENTCATALOG</resourceType>
    <deps class="empty-set"/>
    <data class="com.openmarket.xcelerate.common.ElementCatalogEntry" serialization="custom">
      <com.openmarket.xcelerate.common.ElementCatalogEntry>
        <int>1</int>
        <string>OpenMarket/Gator/FlexibleAssets/Common/DetermineSelfManagedAddButton</string>
        <string>Finds out if attribute editor manages it own ADD button or requires default ADD button.</string>
        <string></string>
        <string></string>
        <string>OpenMarket/Gator/FlexibleAssets/Common/DetermineSelfManagedAddButton.jsp</string>
        <string></string>
        <string></string>
      </com.openmarket.xcelerate.common.ElementCatalogEntry>
    </data>
  </com.fatwire.realtime.ResourceDataImpl>
</object-stream>
<!--==================___ METADATA ___================
<dependencies>
  <linked-hash-set/>
</dependencies>
==================______________________==================
#
storable0=/ELEMENTS/JSP/OpenMarket/Gator/FlexibleAssets/Common/DetermineSelfManagedAddButton.jsp|null|_storable_type\=%2FELEMENTS%2FJSP%2FOpenMarket%2FGator%2FFlexibleAssets%2FCommon%2FDetermineSelfManagedAddButton.jsp
@hashval=-812356273
key=@ELEMENTCATALOG-OpenMarket/Gator/FlexibleAssets/Common/DetermineSelfManagedAddButton
type=ELEMENTCATALOG

==================___ END METADATA ___==================-->
