<object-stream>
  <com.fatwire.realtime.ResourceDataImpl>
    <id class="string">OpenMarket/Gator/FlexibleAssets/Common/ParentSelectDialogs</id>
    <resourceType>ELEMENTCATALOG</resourceType>
    <deps class="empty-set"/>
    <data class="com.openmarket.xcelerate.common.ElementCatalogEntry" serialization="custom">
      <com.openmarket.xcelerate.common.ElementCatalogEntry>
        <int>1</int>
        <string>OpenMarket/Gator/FlexibleAssets/Common/ParentSelectDialogs</string>
        <string>Display Parent Select</string>
        <string></string>
        <string></string>
        <string>OpenMarket/Gator/FlexibleAssets/Common/ParentSelectDialogs.jsp</string>
        <string></string>
        <string></string>
      </com.openmarket.xcelerate.common.ElementCatalogEntry>
    </data>
  </com.fatwire.realtime.ResourceDataImpl>
</object-stream>
<!--==================___ METADATA ___================
<dependencies>
  <linked-hash-set/>
</dependencies>
==================______________________==================
#
storable0=/ELEMENTS/JSP/OpenMarket/Gator/FlexibleAssets/Common/ParentSelectDialogs.jsp|null|_storable_type\=%2FELEMENTS%2FJSP%2FOpenMarket%2FGator%2FFlexibleAssets%2FCommon%2FParentSelectDialogs.jsp
@hashval=1797836908
key=@ELEMENTCATALOG-OpenMarket/Gator/FlexibleAssets/Common/ParentSelectDialogs
type=ELEMENTCATALOG

==================___ END METADATA ___==================-->
