<object-stream>
  <com.fatwire.realtime.ResourceDataImpl>
    <id class="string">fatwire/systemtools/FSTest/FileSystemTest</id>
    <resourceType>ELEMENTCATALOG</resourceType>
    <deps class="empty-set"/>
    <data class="com.openmarket.xcelerate.common.ElementCatalogEntry" serialization="custom">
      <com.openmarket.xcelerate.common.ElementCatalogEntry>
        <int>1</int>
        <string>fatwire/systemtools/FSTest/FileSystemTest</string>
        <string>This page executes the File System Test.</string>
        <string></string>
        <string></string>
        <string>fatwire/systemtools/FSTest/FileSystemTest.jsp</string>
        <string></string>
        <string></string>
      </com.openmarket.xcelerate.common.ElementCatalogEntry>
    </data>
  </com.fatwire.realtime.ResourceDataImpl>
</object-stream>
<!--==================___ METADATA ___================
<dependencies>
  <linked-hash-set/>
</dependencies>
==================______________________==================
#
storable0=/ELEMENTS/JSP/fatwire/systemtools/FSTest/FileSystemTest.jsp|null|_storable_type\=%2FELEMENTS%2FJSP%2Ffatwire%2Fsystemtools%2FFSTest%2FFileSystemTest.jsp
@hashval=1402924564
key=@ELEMENTCATALOG-fatwire/systemtools/FSTest/FileSystemTest
type=ELEMENTCATALOG

==================___ END METADATA ___==================-->
