<object-stream>
  <com.fatwire.realtime.ResourceDataImpl>
    <id class="string">fatwire/systemtools/FSTest/TestFS</id>
    <resourceType>ELEMENTCATALOG</resourceType>
    <deps class="empty-set"/>
    <data class="com.openmarket.xcelerate.common.ElementCatalogEntry" serialization="custom">
      <com.openmarket.xcelerate.common.ElementCatalogEntry>
        <int>1</int>
        <string>fatwire/systemtools/FSTest/TestFS</string>
        <string>The input page for File System Test.</string>
        <string></string>
        <string></string>
        <string>fatwire/systemtools/FSTest/TestFS.jsp</string>
        <string></string>
        <string></string>
      </com.openmarket.xcelerate.common.ElementCatalogEntry>
    </data>
  </com.fatwire.realtime.ResourceDataImpl>
</object-stream>
<!--==================___ METADATA ___================
<dependencies>
  <linked-hash-set/>
</dependencies>
==================______________________==================
#
storable0=/ELEMENTS/JSP/fatwire/systemtools/FSTest/TestFS.jsp|null|_storable_type\=%2FELEMENTS%2FJSP%2Ffatwire%2Fsystemtools%2FFSTest%2FTestFS.jsp
@hashval=-107396989
key=@ELEMENTCATALOG-fatwire/systemtools/FSTest/TestFS
type=ELEMENTCATALOG

==================___ END METADATA ___==================-->
