<object-stream>
  <com.fatwire.realtime.ResourceDataImpl>
    <id class="string">CustomElements/avisports/UI/Config/SiteConfigHtml</id>
    <resourceType>ELEMENTCATALOG</resourceType>
    <deps class="empty-set"/>
    <data class="com.openmarket.xcelerate.common.ElementCatalogEntry" serialization="custom">
      <com.openmarket.xcelerate.common.ElementCatalogEntry>
        <int>1</int>
        <string>CustomElements/avisports/UI/Config/SiteConfigHtml</string>
        <string></string>
        <string></string>
        <string></string>
        <string>CustomElements/avisports/UI/Config/SiteConfigHtml.jsp</string>
        <string></string>
        <string></string>
      </com.openmarket.xcelerate.common.ElementCatalogEntry>
    </data>
  </com.fatwire.realtime.ResourceDataImpl>
</object-stream>
<!--==================___ METADATA ___================
<dependencies>
  <list/>
</dependencies>
==================______________________==================
#
#Mon Sep 03 15:42:43 CEST 2012
storable0=/ELEMENTS/JSP/CustomElements/avisports/UI/Config/SiteConfigHtml.jsp|null|_storable_type\=%2FELEMENTS%2FJSP%2FCustomElements%2Favisports%2FUI%2FConfig%2FSiteConfigHtml.jsp
@hashval=1143834003
key=@ELEMENTCATALOG-CustomElements/avisports/UI/Config/SiteConfigHtml
type=ELEMENTCATALOG

==================___ END METADATA ___==================-->
