<object-stream>
  <com.fatwire.realtime.ResourceDataImpl>
    <id class="string">fatwire/wem/ui/admin/site/AddUser</id>
    <resourceType>ELEMENTCATALOG</resourceType>
    <deps class="empty-set"/>
    <data class="com.openmarket.xcelerate.common.ElementCatalogEntry" serialization="custom">
      <com.openmarket.xcelerate.common.ElementCatalogEntry>
        <int>1</int>
        <string>fatwire/wem/ui/admin/site/AddUser</string>
        <string>Add User to the site</string>
        <string></string>
        <string></string>
        <string>fatwire/wem/ui/admin/site/AddUser.jsp</string>
        <string></string>
        <string></string>
      </com.openmarket.xcelerate.common.ElementCatalogEntry>
    </data>
  </com.fatwire.realtime.ResourceDataImpl>
</object-stream>
<!--==================___ METADATA ___================
<dependencies>
  <linked-hash-set/>
</dependencies>
==================______________________==================
#
storable0=/ELEMENTS/JSP/fatwire/wem/ui/admin/site/AddUser.jsp|null|_storable_type\=%2FELEMENTS%2FJSP%2Ffatwire%2Fwem%2Fui%2Fadmin%2Fsite%2FAddUser.jsp
@hashval=-1583898478
key=@ELEMENTCATALOG-fatwire/wem/ui/admin/site/AddUser
type=ELEMENTCATALOG

==================___ END METADATA ___==================-->
