<?xml version="1.0" encoding="UTF-8" standalone="yes"?>
<ns2:assetBean xmlns:ns2="http://www.fatwire.com/schema/rest/1.0">
    <id>Template:1124813172560</id>
    <name>FSIILink</name>
    <createdby>firstsite</createdby>
    <createddate>2005-08-23T13:29:19.000Z</createddate>
    <description>This renders a link to content.  It requies that the headline field be present.</description>
    <publist>FirstSiteII</publist>
    <status>PL</status>
    <subtype>Content_C</subtype>
    <updatedby>firstsite</updatedby>
    <updateddate>2005-08-23T13:29:19.000Z</updateddate>
    <attribute>
        <name>startdate</name>
        <data/>
    </attribute>
    <attribute>
        <name>enddate</name>
        <data/>
    </attribute>
    <attribute>
        <name>filename</name>
        <data>
            <stringValue></stringValue>
        </data>
    </attribute>
    <attribute>
        <name>path</name>
        <data>
            <stringValue></stringValue>
        </data>
    </attribute>
    <attribute>
        <name>template</name>
        <data>
            <stringValue></stringValue>
        </data>
    </attribute>
    <attribute>
        <name>urlexternaldoc</name>
        <data/>
    </attribute>
    <attribute>
        <name>externaldoctype</name>
        <data>
            <stringValue></stringValue>
        </data>
    </attribute>
    <attribute>
        <name>urlexternaldocxml</name>
        <data/>
    </attribute>
    <attribute>
        <name>fw_uid</name>
        <data>
            <stringValue>79551040-689a-4bcb-a562-6bf9dba9763b</stringValue>
        </data>
    </attribute>
    <attribute>
        <name>id</name>
        <data>
            <longValue>1124813172560</longValue>
        </data>
    </attribute>
    <attribute>
        <name>fwtags</name>
        <data/>
    </attribute>
    <attribute>
        <name>Webreference</name>
        <data/>
    </attribute>
    <attribute>
        <name>category</name>
        <data>
            <stringValue>banr</stringValue>
        </data>
    </attribute>
    <attribute>
        <name>keyword</name>
        <data>
            <stringValue></stringValue>
        </data>
    </attribute>
    <attribute>
        <name>source</name>
        <data>
            <stringValue></stringValue>
        </data>
    </attribute>
    <attribute>
        <name>rootelement</name>
        <data>
            <stringValue>Content_C/FSIILink</stringValue>
        </data>
    </attribute>
    <attribute>
        <name>ttype</name>
        <data>
            <stringValue>b</stringValue>
        </data>
    </attribute>
    <attribute>
        <name>Arguments</name>
        <data/>
    </attribute>
    <attribute>
        <name>Composition</name>
        <data/>
    </attribute>
    <attribute>
        <name>Called</name>
        <data/>
    </attribute>
    <attribute>
        <name>Thumbnail</name>
        <data/>
    </attribute>
    <attribute>
        <name>Mapping</name>
        <data>
            <structList>
                <item>
                    <name>value</name>
                    <data>
                        <stringValue>Content_A</stringValue>
                    </data>
                </item>
                <item>
                    <name>siteid</name>
                    <data>
                        <stringValue>1112198287026</stringValue>
                    </data>
                </item>
                <item>
                    <name>type</name>
                    <data>
                        <stringValue>assettype</stringValue>
                    </data>
                </item>
                <item>
                    <name>key</name>
                    <data>
                        <stringValue>ContentAttrType</stringValue>
                    </data>
                </item>
            </structList>
            <structList>
                <item>
                    <name>value</name>
                    <data>
                        <stringValue>Content_A:FSIIHeadline</stringValue>
                    </data>
                </item>
                <item>
                    <name>siteid</name>
                    <data>
                        <stringValue>1112198287026</stringValue>
                    </data>
                </item>
                <item>
                    <name>type</name>
                    <data>
                        <stringValue>assetname</stringValue>
                    </data>
                </item>
                <item>
                    <name>key</name>
                    <data>
                        <stringValue>HeadlineAttrName</stringValue>
                    </data>
                </item>
            </structList>
            <structList>
                <item>
                    <name>value</name>
                    <data>
                        <stringValue>/FSIILayout</stringValue>
                    </data>
                </item>
                <item>
                    <name>siteid</name>
                    <data>
                        <stringValue>1112198287026</stringValue>
                    </data>
                </item>
                <item>
                    <name>type</name>
                    <data>
                        <stringValue>tname</stringValue>
                    </data>
                </item>
                <item>
                    <name>key</name>
                    <data>
                        <stringValue>Layout</stringValue>
                    </data>
                </item>
            </structList>
            <structList>
                <item>
                    <name>value</name>
                    <data>
                        <stringValue>SiteEntry:FSIIWrapper</stringValue>
                    </data>
                </item>
                <item>
                    <name>siteid</name>
                    <data>
                        <stringValue>1112198287026</stringValue>
                    </data>
                </item>
                <item>
                    <name>type</name>
                    <data>
                        <stringValue>assetname</stringValue>
                    </data>
                </item>
                <item>
                    <name>key</name>
                    <data>
                        <stringValue>Wrapper</stringValue>
                    </data>
                </item>
            </structList>
        </data>
    </attribute>
    <attribute>
        <name>acl</name>
        <data>
            <stringList></stringList>
        </data>
    </attribute>
    <attribute>
        <name>pagecriteria</name>
        <data>
            <stringList>c</stringList>
            <stringList>cid</stringList>
            <stringList>context</stringList>
            <stringList>locale</stringList>
            <stringList>p</stringList>
            <stringList>rendermode</stringList>
            <stringList>site</stringList>
            <stringList>sitepfx</stringList>
            <stringList>ft_ss</stringList>
        </data>
    </attribute>
    <attribute>
        <name>element</name>
        <data>
            <structList>
                <item>
                    <name>resdetails2</name>
                    <data>
                        <stringValue></stringValue>
                    </data>
                </item>
                <item>
                    <name>cscacheinfo</name>
                    <data>
                        <stringValue>true,~0</stringValue>
                    </data>
                </item>
                <item>
                    <name>description</name>
                    <data>
                        <stringValue></stringValue>
                    </data>
                </item>
                <item>
                    <name>csstatus</name>
                    <data>
                        <stringValue>live</stringValue>
                    </data>
                </item>
                <item>
                    <name>sscacheinfo</name>
                    <data>
                        <stringValue>true,~0</stringValue>
                    </data>
                </item>
                <item>
                    <name>siteentry</name>
                    <data>
                        <structList>
                            <item>
                                <name>defaultarguments</name>
                                <data>
                                    <structList>
                                        <item>
                                            <name>name</name>
                                            <data>
                                                <stringValue>c</stringValue>
                                            </data>
                                        </item>
                                        <item>
                                            <name>value</name>
                                            <data>
                                                <stringValue>Content_C</stringValue>
                                            </data>
                                        </item>
                                    </structList>
                                    <structList>
                                        <item>
                                            <name>name</name>
                                            <data>
                                                <stringValue>rendermode</stringValue>
                                            </data>
                                        </item>
                                        <item>
                                            <name>value</name>
                                            <data>
                                                <stringValue>live</stringValue>
                                            </data>
                                        </item>
                                    </structList>
                                    <structList>
                                        <item>
                                            <name>name</name>
                                            <data>
                                                <stringValue>site</stringValue>
                                            </data>
                                        </item>
                                        <item>
                                            <name>value</name>
                                            <data>
                                                <stringValue>FirstSiteII</stringValue>
                                            </data>
                                        </item>
                                    </structList>
                                    <structList>
                                        <item>
                                            <name>name</name>
                                            <data>
                                                <stringValue>sitepfx</stringValue>
                                            </data>
                                        </item>
                                        <item>
                                            <name>value</name>
                                            <data>
                                                <stringValue>FSII</stringValue>
                                            </data>
                                        </item>
                                    </structList>
                                </data>
                            </item>
                            <item>
                                <name>pagename</name>
                                <data>
                                    <stringValue>FirstSiteII/Content_C/FSIILink</stringValue>
                                </data>
                            </item>
                        </structList>
                    </data>
                </item>
                <item>
                    <name>resdetails1</name>
                    <data>
                        <stringValue>tid=1124813172560</stringValue>
                    </data>
                </item>
                <item>
                    <name>elementname</name>
                    <data>
                        <stringValue>Content_C/FSIILink</stringValue>
                    </data>
                </item>
                <item>
                    <name>url</name>
                    <data>
                        <blobValue>
                            <filename>Content_C/FSIILink.jsp</filename>
                            <foldername></foldername>
                            <filedata></filedata>
                        </blobValue>
                    </data>
                </item>
            </structList>
        </data>
    </attribute>
    <attribute>
        <name>applicablesubtypes</name>
        <data>
            <stringList>FSII Article</stringList>
        </data>
    </attribute>
    <associations>
        <href>myPathassociations</href>
    </associations>
</ns2:assetBean>

<!--==================___ METADATA ___================
<dependencies>
  <linked-hash-set>
    <dependency>
      <depType>N</depType>
      <resType>Template</resType>
      <resId>1124813172560</resId>
      <uid>79551040-689a-4bcb-a562-6bf9dba9763b</uid>
    </dependency>
    <dependency>
      <depType>E</depType>
      <resType>@ASSET_TYPE</resType>
      <resId>Content_C</resId>
      <uid>f3692653-d6a4-45a9-9345-38b15cf6b7f6</uid>
    </dependency>
  </linked-hash-set>
</dependencies>
==================______________________==================
#
storable0=/ELEMENTS/JSP/Content_C/FSIILink.jsp|UTF-8|_storable_type\=%2FELEMENTS%2FJSP%2FContent_C%2FFSIILink.jsp
@hashval=-2117749985
key=Template-79551040-689a-4bcb-a562-6bf9dba9763b
type=ASSETDATA
sites=FirstSiteII

==================___ END METADATA ___==================-->
