<object-stream>
  <com.fatwire.realtime.ResourceDataImpl>
    <id class="string">fatwire/systemtools/Log4J/CheckLog4J</id>
    <resourceType>ELEMENTCATALOG</resourceType>
    <deps class="empty-set"/>
    <data class="com.openmarket.xcelerate.common.ElementCatalogEntry" serialization="custom">
      <com.openmarket.xcelerate.common.ElementCatalogEntry>
        <int>1</int>
        <string>fatwire/systemtools/Log4J/CheckLog4J</string>
        <string>Checks if Log4j is configured.</string>
        <string></string>
        <string></string>
        <string>fatwire/systemtools/Log4J/CheckLog4J.jsp</string>
        <string></string>
        <string></string>
      </com.openmarket.xcelerate.common.ElementCatalogEntry>
    </data>
  </com.fatwire.realtime.ResourceDataImpl>
</object-stream>
<!--==================___ METADATA ___================
<dependencies>
  <linked-hash-set/>
</dependencies>
==================______________________==================
#
storable0=/ELEMENTS/JSP/fatwire/systemtools/Log4J/CheckLog4J.jsp|null|_storable_type\=%2FELEMENTS%2FJSP%2Ffatwire%2Fsystemtools%2FLog4J%2FCheckLog4J.jsp
@hashval=1948254509
key=@ELEMENTCATALOG-fatwire/systemtools/Log4J/CheckLog4J
type=ELEMENTCATALOG

==================___ END METADATA ___==================-->
