<object-stream>
  <com.fatwire.realtime.ResourceDataImpl>
    <id class="string">fatwire/insitetemplating/getTemplateLists</id>
    <resourceType>ELEMENTCATALOG</resourceType>
    <deps class="empty-set"/>
    <data class="com.openmarket.xcelerate.common.ElementCatalogEntry" serialization="custom">
      <com.openmarket.xcelerate.common.ElementCatalogEntry>
        <int>1</int>
        <string>fatwire/insitetemplating/getTemplateLists</string>
        <string></string>
        <string></string>
        <string></string>
        <string>fatwire/insitetemplating/getTemplateLists.jsp</string>
        <string></string>
        <string></string>
      </com.openmarket.xcelerate.common.ElementCatalogEntry>
    </data>
  </com.fatwire.realtime.ResourceDataImpl>
</object-stream>
<!--==================___ METADATA ___================
<dependencies>
  <linked-hash-set/>
</dependencies>
==================______________________==================
#
storable0=/ELEMENTS/JSP/fatwire/insitetemplating/getTemplateLists.jsp|null|_storable_type\=%2FELEMENTS%2FJSP%2Ffatwire%2Finsitetemplating%2FgetTemplateLists.jsp
@hashval=1247323385
key=@ELEMENTCATALOG-fatwire/insitetemplating/getTemplateLists
type=ELEMENTCATALOG

==================___ END METADATA ___==================-->
