<object-stream>
  <com.fatwire.realtime.ResourceDataImpl>
    <id class="string">fatwire/insitetemplating/viewSiteEntry</id>
    <resourceType>ELEMENTCATALOG</resourceType>
    <deps class="empty-set"/>
    <data class="com.openmarket.xcelerate.common.ElementCatalogEntry" serialization="custom">
      <com.openmarket.xcelerate.common.ElementCatalogEntry>
        <int>1</int>
        <string>fatwire/insitetemplating/viewSiteEntry</string>
        <string></string>
        <string></string>
        <string></string>
        <string>fatwire/insitetemplating/viewSiteEntry.jsp</string>
        <string></string>
        <string></string>
      </com.openmarket.xcelerate.common.ElementCatalogEntry>
    </data>
  </com.fatwire.realtime.ResourceDataImpl>
</object-stream>
<!--==================___ METADATA ___================
<dependencies>
  <linked-hash-set/>
</dependencies>
==================______________________==================
#
storable0=/ELEMENTS/JSP/fatwire/insitetemplating/viewSiteEntry.jsp|null|_storable_type\=%2FELEMENTS%2FJSP%2Ffatwire%2Finsitetemplating%2FviewSiteEntry.jsp
@hashval=1735712314
key=@ELEMENTCATALOG-fatwire/insitetemplating/viewSiteEntry
type=ELEMENTCATALOG

==================___ END METADATA ___==================-->
