<object-stream>
  <com.fatwire.realtime.ResourceDataImpl>
    <id class="string">fatwire/wem/integration/processSSOLogout</id>
    <resourceType>ELEMENTCATALOG</resourceType>
    <deps class="empty-set"/>
    <data class="com.openmarket.xcelerate.common.ElementCatalogEntry" serialization="custom">
      <com.openmarket.xcelerate.common.ElementCatalogEntry>
        <int>1</int>
        <string>fatwire/wem/integration/processSSOLogout</string>
        <string>Logout AdvancedUI from CAS</string>
        <string></string>
        <string></string>
        <string>fatwire/wem/integration/processSSOLogout.jsp</string>
        <string></string>
        <string></string>
      </com.openmarket.xcelerate.common.ElementCatalogEntry>
    </data>
  </com.fatwire.realtime.ResourceDataImpl>
</object-stream>
<!--==================___ METADATA ___================
<dependencies>
  <linked-hash-set/>
</dependencies>
==================______________________==================
#
storable0=/ELEMENTS/JSP/fatwire/wem/integration/processSSOLogout.jsp|null|_storable_type\=%2FELEMENTS%2FJSP%2Ffatwire%2Fwem%2Fintegration%2FprocessSSOLogout.jsp
@hashval=1291828570
key=@ELEMENTCATALOG-fatwire/wem/integration/processSSOLogout
type=ELEMENTCATALOG

==================___ END METADATA ___==================-->
