<?xml version="1.0" encoding="UTF-8" standalone="yes"?>
<ns2:assetBean xmlns:ns2="http://www.fatwire.com/schema/rest/1.0">
    <id>CSElement:1121398075771</id>
    <name>FSIICommon/LookAndFeel/TopNavJavaScript</name>
    <createdby>firstsite</createdby>
    <createddate>2005-07-15T15:07:13.000Z</createddate>
    <description>This element renders the javascript function that swaps the style on the top nav for the current page</description>
    <publist>FirstSiteII</publist>
    <status>ED</status>
    <subtype></subtype>
    <updatedby>firstsite</updatedby>
    <updateddate>2005-07-15T15:09:58.000Z</updateddate>
    <attribute>
        <name>startdate</name>
        <data/>
    </attribute>
    <attribute>
        <name>enddate</name>
        <data/>
    </attribute>
    <attribute>
        <name>filename</name>
        <data>
            <stringValue></stringValue>
        </data>
    </attribute>
    <attribute>
        <name>path</name>
        <data>
            <stringValue></stringValue>
        </data>
    </attribute>
    <attribute>
        <name>template</name>
        <data>
            <stringValue></stringValue>
        </data>
    </attribute>
    <attribute>
        <name>urlexternaldoc</name>
        <data/>
    </attribute>
    <attribute>
        <name>externaldoctype</name>
        <data>
            <stringValue></stringValue>
        </data>
    </attribute>
    <attribute>
        <name>urlexternaldocxml</name>
        <data/>
    </attribute>
    <attribute>
        <name>fw_uid</name>
        <data>
            <stringValue>5a91bed2-94d4-45aa-8d1d-3646acd52984</stringValue>
        </data>
    </attribute>
    <attribute>
        <name>id</name>
        <data>
            <longValue>1121398075771</longValue>
        </data>
    </attribute>
    <attribute>
        <name>fwtags</name>
        <data/>
    </attribute>
    <attribute>
        <name>Webreference</name>
        <data/>
    </attribute>
    <attribute>
        <name>Composition</name>
        <data/>
    </attribute>
    <attribute>
        <name>Mapping</name>
        <data/>
    </attribute>
    <attribute>
        <name>Arguments</name>
        <data>
            <structList>
                <item>
                    <name>values</name>
                    <data/>
                </item>
                <item>
                    <name>description</name>
                    <data>
                        <stringValue>ID of the current page</stringValue>
                    </data>
                </item>
                <item>
                    <name>name</name>
                    <data>
                        <stringValue>cid</stringValue>
                    </data>
                </item>
            </structList>
        </data>
    </attribute>
    <attribute>
        <name>category</name>
        <data>
            <stringValue></stringValue>
        </data>
    </attribute>
    <attribute>
        <name>rootelement</name>
        <data>
            <stringValue>FSIICommon/LookAndFeel/TopNavJavaScript</stringValue>
        </data>
    </attribute>
    <attribute>
        <name>elementname</name>
        <data>
            <stringValue>FSIICommon/LookAndFeel/TopNavJavaScript</stringValue>
        </data>
    </attribute>
    <attribute>
        <name>resdetails1</name>
        <data>
            <stringValue>eid=1121398075771</stringValue>
        </data>
    </attribute>
    <attribute>
        <name>resdetails2</name>
        <data>
            <stringValue></stringValue>
        </data>
    </attribute>
    <attribute>
        <name>url</name>
        <data>
            <blobValue>
                <filename>FSIICommon/LookAndFeel/TopNavJavaScript.jsp</filename>
                <foldername></foldername>
                <filedata></filedata>
            </blobValue>
        </data>
    </attribute>
    <associations>
        <href>myPathassociations</href>
    </associations>
</ns2:assetBean>

<!--==================___ METADATA ___================
<dependencies>
  <linked-hash-set>
    <dependency>
      <depType>N</depType>
      <resType>CSElement</resType>
      <resId>1121398075771</resId>
      <uid>5a91bed2-94d4-45aa-8d1d-3646acd52984</uid>
    </dependency>
  </linked-hash-set>
</dependencies>
==================______________________==================
#
storable0=/ELEMENTS/JSP/FSIICommon/LookAndFeel/TopNavJavaScript.jsp|UTF-8|_storable_type\=%2FELEMENTS%2FJSP%2FFSIICommon%2FLookAndFeel%2FTopNavJavaScript.jsp
@hashval=-386344704
key=CSElement-5a91bed2-94d4-45aa-8d1d-3646acd52984
type=ASSETDATA
sites=FirstSiteII

==================___ END METADATA ___==================-->
