<object-stream>
  <com.fatwire.realtime.ResourceDataImpl>
    <id class="string">fatwire/wem/UpdateLastLoggedIn</id>
    <resourceType>ELEMENTCATALOG</resourceType>
    <deps class="empty-set"/>
    <data class="com.openmarket.xcelerate.common.ElementCatalogEntry" serialization="custom">
      <com.openmarket.xcelerate.common.ElementCatalogEntry>
        <int>1</int>
        <string>fatwire/wem/UpdateLastLoggedIn</string>
        <string>Update the last logged in time for the user</string>
        <string></string>
        <string></string>
        <string>fatwire/wem/UpdateLastLoggedIn.jsp</string>
        <string></string>
        <string></string>
      </com.openmarket.xcelerate.common.ElementCatalogEntry>
    </data>
  </com.fatwire.realtime.ResourceDataImpl>
</object-stream>
<!--==================___ METADATA ___================
<dependencies>
  <linked-hash-set/>
</dependencies>
==================______________________==================
#
storable0=/ELEMENTS/JSP/fatwire/wem/UpdateLastLoggedIn.jsp|null|_storable_type\=%2FELEMENTS%2FJSP%2Ffatwire%2Fwem%2FUpdateLastLoggedIn.jsp
@hashval=-594586741
key=@ELEMENTCATALOG-fatwire/wem/UpdateLastLoggedIn
type=ELEMENTCATALOG

==================___ END METADATA ___==================-->
