<object-stream>
  <com.fatwire.realtime.ResourceDataImpl>
    <id class="string">OpenMarket/Xcelerate/AssetType/AdvCols/ListManualShowItems</id>
    <resourceType>ELEMENTCATALOG</resourceType>
    <deps class="empty-set"/>
    <data class="com.openmarket.xcelerate.common.ElementCatalogEntry" serialization="custom">
      <com.openmarket.xcelerate.common.ElementCatalogEntry>
        <int>1</int>
        <string>OpenMarket/Xcelerate/AssetType/AdvCols/ListManualShowItems</string>
        <string></string>
        <string></string>
        <string></string>
        <string>OpenMarket/Xcelerate/AssetType/AdvCols/ListManualShowItems.jsp</string>
        <string></string>
        <string></string>
      </com.openmarket.xcelerate.common.ElementCatalogEntry>
    </data>
  </com.fatwire.realtime.ResourceDataImpl>
</object-stream>
<!--==================___ METADATA ___================
<dependencies>
  <linked-hash-set/>
</dependencies>
==================______________________==================
#
storable0=/ELEMENTS/JSP/OpenMarket/Xcelerate/AssetType/AdvCols/ListManualShowItems.jsp|null|_storable_type\=%2FELEMENTS%2FJSP%2FOpenMarket%2FXcelerate%2FAssetType%2FAdvCols%2FListManualShowItems.jsp
@hashval=816323352
key=@ELEMENTCATALOG-OpenMarket/Xcelerate/AssetType/AdvCols/ListManualShowItems
type=ELEMENTCATALOG

==================___ END METADATA ___==================-->
