<object-stream>
  <com.fatwire.realtime.ResourceDataImpl>
    <id class="string">OpenMarket/Xcelerate/AssetType/DeviceGroup/ShowDependencyMessage</id>
    <resourceType>ELEMENTCATALOG</resourceType>
    <deps class="empty-set"/>
    <data class="com.openmarket.xcelerate.common.ElementCatalogEntry" serialization="custom">
      <com.openmarket.xcelerate.common.ElementCatalogEntry>
        <int>1</int>
        <string>OpenMarket/Xcelerate/AssetType/DeviceGroup/ShowDependencyMessage</string>
        <string>Show the Associated Site Plans Message for the Device Group</string>
        <string></string>
        <string></string>
        <string>OpenMarket/Xcelerate/AssetType/DeviceGroup/ShowDependencyMessage.jsp</string>
        <string></string>
        <string></string>
      </com.openmarket.xcelerate.common.ElementCatalogEntry>
    </data>
  </com.fatwire.realtime.ResourceDataImpl>
</object-stream>
<!--==================___ METADATA ___================
<dependencies>
  <linked-hash-set/>
</dependencies>
==================______________________==================
#
storable0=/ELEMENTS/JSP/OpenMarket/Xcelerate/AssetType/DeviceGroup/ShowDependencyMessage.jsp|null|_storable_type\=%2FELEMENTS%2FJSP%2FOpenMarket%2FXcelerate%2FAssetType%2FDeviceGroup%2FShowDependencyMessage.jsp
@hashval=-1664060284
key=@ELEMENTCATALOG-OpenMarket/Xcelerate/AssetType/DeviceGroup/ShowDependencyMessage
type=ELEMENTCATALOG

==================___ END METADATA ___==================-->
