<object-stream>
  <com.fatwire.realtime.ResourceDataImpl>
    <id class="string">OpenMarket/Gator/AttributeTypes/CustomTextAttributeEditor</id>
    <resourceType>ELEMENTCATALOG</resourceType>
    <deps class="empty-set"/>
    <data class="com.openmarket.xcelerate.common.ElementCatalogEntry" serialization="custom">
      <com.openmarket.xcelerate.common.ElementCatalogEntry>
        <int>1</int>
        <string>OpenMarket/Gator/AttributeTypes/CustomTextAttributeEditor</string>
        <string>Custom attribute editor which will handle text values. It will be used by customers who want to create their own attribute editors.</string>
        <string></string>
        <string></string>
        <string>OpenMarket/Gator/AttributeTypes/CustomTextAttributeEditor.jsp</string>
        <string></string>
        <string></string>
      </com.openmarket.xcelerate.common.ElementCatalogEntry>
    </data>
  </com.fatwire.realtime.ResourceDataImpl>
</object-stream>
<!--==================___ METADATA ___================
<dependencies>
  <linked-hash-set/>
</dependencies>
==================______________________==================
#
storable0=/ELEMENTS/JSP/OpenMarket/Gator/AttributeTypes/CustomTextAttributeEditor.jsp|null|_storable_type\=%2FELEMENTS%2FJSP%2FOpenMarket%2FGator%2FAttributeTypes%2FCustomTextAttributeEditor.jsp
@hashval=15149866
key=@ELEMENTCATALOG-OpenMarket/Gator/AttributeTypes/CustomTextAttributeEditor
type=ELEMENTCATALOG

==================___ END METADATA ___==================-->
