<object-stream>
  <com.fatwire.realtime.ResourceDataImpl>
    <id class="string">OpenMarket/Gator/AttributeTypes/PullDownQueryResults</id>
    <resourceType>ELEMENTCATALOG</resourceType>
    <deps class="empty-set"/>
    <data class="com.openmarket.xcelerate.common.ElementCatalogEntry" serialization="custom">
      <com.openmarket.xcelerate.common.ElementCatalogEntry>
        <int>1</int>
        <string>OpenMarket/Gator/AttributeTypes/PullDownQueryResults</string>
        <string>Query Results for Pull Down Implementation</string>
        <string></string>
        <string></string>
        <string>OpenMarket/Gator/AttributeTypes/PullDownQueryResults.jsp</string>
        <string></string>
        <string></string>
      </com.openmarket.xcelerate.common.ElementCatalogEntry>
    </data>
  </com.fatwire.realtime.ResourceDataImpl>
</object-stream>
<!--==================___ METADATA ___================
<dependencies>
  <linked-hash-set/>
</dependencies>
==================______________________==================
#
storable0=/ELEMENTS/JSP/OpenMarket/Gator/AttributeTypes/PullDownQueryResults.jsp|null|_storable_type\=%2FELEMENTS%2FJSP%2FOpenMarket%2FGator%2FAttributeTypes%2FPullDownQueryResults.jsp
@hashval=-933381968
key=@ELEMENTCATALOG-OpenMarket/Gator/AttributeTypes/PullDownQueryResults
type=ELEMENTCATALOG

==================___ END METADATA ___==================-->
