<object-stream>
  <com.fatwire.realtime.ResourceDataImpl>
    <id class="string">OpenMarket/Gator/Util/DnDSelectAsset</id>
    <resourceType>ELEMENTCATALOG</resourceType>
    <deps class="empty-set"/>
    <data class="com.openmarket.xcelerate.common.ElementCatalogEntry" serialization="custom">
      <com.openmarket.xcelerate.common.ElementCatalogEntry>
        <int>1</int>
        <string>OpenMarket/Gator/Util/DnDSelectAsset</string>
        <string>Drag And Drop Assets In To Drop Zone</string>
        <string></string>
        <string></string>
        <string>OpenMarket/Gator/Util/DnDSelectAsset.jsp</string>
        <string></string>
        <string></string>
      </com.openmarket.xcelerate.common.ElementCatalogEntry>
    </data>
  </com.fatwire.realtime.ResourceDataImpl>
</object-stream>
<!--==================___ METADATA ___================
<dependencies>
  <linked-hash-set/>
</dependencies>
==================______________________==================
#
storable0=/ELEMENTS/JSP/OpenMarket/Gator/Util/DnDSelectAsset.jsp|null|_storable_type\=%2FELEMENTS%2FJSP%2FOpenMarket%2FGator%2FUtil%2FDnDSelectAsset.jsp
@hashval=-121206725
key=@ELEMENTCATALOG-OpenMarket/Gator/Util/DnDSelectAsset
type=ELEMENTCATALOG

==================___ END METADATA ___==================-->
