<object-stream>
  <com.fatwire.realtime.ResourceDataImpl>
    <id class="string">OpenMarket/Gator/Util/ValidateWebReference</id>
    <resourceType>ELEMENTCATALOG</resourceType>
    <deps class="empty-set"/>
    <data class="com.openmarket.xcelerate.common.ElementCatalogEntry" serialization="custom">
      <com.openmarket.xcelerate.common.ElementCatalogEntry>
        <int>1</int>
        <string>OpenMarket/Gator/Util/ValidateWebReference</string>
        <string>Validation for the uniqueness fo the URL</string>
        <string></string>
        <string></string>
        <string>OpenMarket/Gator/Util/ValidateWebReference.jsp</string>
        <string></string>
        <string></string>
      </com.openmarket.xcelerate.common.ElementCatalogEntry>
    </data>
  </com.fatwire.realtime.ResourceDataImpl>
</object-stream>
<!--==================___ METADATA ___================
<dependencies>
  <linked-hash-set/>
</dependencies>
==================______________________==================
#
storable0=/ELEMENTS/JSP/OpenMarket/Gator/Util/ValidateWebReference.jsp|null|_storable_type\=%2FELEMENTS%2FJSP%2FOpenMarket%2FGator%2FUtil%2FValidateWebReference.jsp
@hashval=8655840
key=@ELEMENTCATALOG-OpenMarket/Gator/Util/ValidateWebReference
type=ELEMENTCATALOG

==================___ END METADATA ___==================-->
