<object-stream>
  <com.fatwire.realtime.ResourceDataImpl>
    <id class="string">OpenMarket/Xcelerate/Admin/ProcessDefaultSitePlan</id>
    <resourceType>ELEMENTCATALOG</resourceType>
    <deps class="empty-set"/>
    <data class="com.openmarket.xcelerate.common.ElementCatalogEntry" serialization="custom">
      <com.openmarket.xcelerate.common.ElementCatalogEntry>
        <int>1</int>
        <string>OpenMarket/Xcelerate/Admin/ProcessDefaultSitePlan</string>
        <string>Add the default siteplan asset to the site</string>
        <string></string>
        <string></string>
        <string>OpenMarket/Xcelerate/Admin/ProcessDefaultSitePlan.jsp</string>
        <string></string>
        <string></string>
      </com.openmarket.xcelerate.common.ElementCatalogEntry>
    </data>
  </com.fatwire.realtime.ResourceDataImpl>
</object-stream>
<!--==================___ METADATA ___================
<dependencies>
  <linked-hash-set/>
</dependencies>
==================______________________==================
#
storable0=/ELEMENTS/JSP/OpenMarket/Xcelerate/Admin/ProcessDefaultSitePlan.jsp|null|_storable_type\=%2FELEMENTS%2FJSP%2FOpenMarket%2FXcelerate%2FAdmin%2FProcessDefaultSitePlan.jsp
@hashval=782186909
key=@ELEMENTCATALOG-OpenMarket/Xcelerate/Admin/ProcessDefaultSitePlan
type=ELEMENTCATALOG

==================___ END METADATA ___==================-->
