<object-stream>
  <com.fatwire.realtime.ResourceDataImpl>
    <id class="string">FutureTense/Apps/AdminForms/UserMgt/CreateRequiredParams</id>
    <resourceType>ELEMENTCATALOG</resourceType>
    <deps class="empty-set"/>
    <data class="com.openmarket.xcelerate.common.ElementCatalogEntry" serialization="custom">
      <com.openmarket.xcelerate.common.ElementCatalogEntry>
        <int>1</int>
        <string>FutureTense/Apps/AdminForms/UserMgt/CreateRequiredParams</string>
        <string></string>
        <string></string>
        <string></string>
        <string>FutureTense/Apps/AdminForms/UserMgt/CreateRequiredParams.jsp</string>
        <string></string>
        <string></string>
      </com.openmarket.xcelerate.common.ElementCatalogEntry>
    </data>
  </com.fatwire.realtime.ResourceDataImpl>
</object-stream>
<!--==================___ METADATA ___================
<dependencies>
  <linked-hash-set/>
</dependencies>
==================______________________==================
#
storable0=/ELEMENTS/JSP/FutureTense/Apps/AdminForms/UserMgt/CreateRequiredParams.jsp|null|_storable_type\=%2FELEMENTS%2FJSP%2FFutureTense%2FApps%2FAdminForms%2FUserMgt%2FCreateRequiredParams.jsp
@hashval=-10037875
key=@ELEMENTCATALOG-FutureTense/Apps/AdminForms/UserMgt/CreateRequiredParams
type=ELEMENTCATALOG

==================___ END METADATA ___==================-->
