<object-stream>
  <com.fatwire.realtime.ResourceDataImpl>
    <id class="string">fatwire/ui/util/finddevicegroupAction</id>
    <resourceType>ELEMENTCATALOG</resourceType>
    <deps class="empty-set"/>
    <data class="com.openmarket.xcelerate.common.ElementCatalogEntry" serialization="custom">
      <com.openmarket.xcelerate.common.ElementCatalogEntry>
        <int>1</int>
        <string>fatwire/ui/util/finddevicegroupAction</string>
        <string>Element to test the devicegroup</string>
        <string></string>
        <string></string>
        <string>fatwire/ui/util/finddevicegroupAction.jsp</string>
        <string></string>
        <string></string>
      </com.openmarket.xcelerate.common.ElementCatalogEntry>
    </data>
  </com.fatwire.realtime.ResourceDataImpl>
</object-stream>
<!--==================___ METADATA ___================
<dependencies>
  <linked-hash-set/>
</dependencies>
==================______________________==================
#
storable0=/ELEMENTS/JSP/fatwire/ui/util/finddevicegroupAction.jsp|null|_storable_type\=%2FELEMENTS%2FJSP%2Ffatwire%2Fui%2Futil%2FfinddevicegroupAction.jsp
@hashval=1035053417
key=@ELEMENTCATALOG-fatwire/ui/util/finddevicegroupAction
type=ELEMENTCATALOG

==================___ END METADATA ___==================-->
