<object-stream>
  <com.fatwire.realtime.ResourceDataImpl>
    <id class="string">fatwire/ui/util/TypeAheadSearchResults</id>
    <resourceType>ELEMENTCATALOG</resourceType>
    <deps class="empty-set"/>
    <data class="com.openmarket.xcelerate.common.ElementCatalogEntry" serialization="custom">
      <com.openmarket.xcelerate.common.ElementCatalogEntry>
        <int>1</int>
        <string>fatwire/ui/util/TypeAheadSearchResults</string>
        <string></string>
        <string></string>
        <string></string>
        <string>fatwire/ui/util/TypeAheadSearchResults.jsp</string>
        <string></string>
        <string></string>
      </com.openmarket.xcelerate.common.ElementCatalogEntry>
    </data>
  </com.fatwire.realtime.ResourceDataImpl>
</object-stream>
<!--==================___ METADATA ___================
<dependencies>
  <linked-hash-set/>
</dependencies>
==================______________________==================
#
storable0=/ELEMENTS/JSP/fatwire/ui/util/TypeAheadSearchResults.jsp|null|_storable_type\=%2FELEMENTS%2FJSP%2Ffatwire%2Fui%2Futil%2FTypeAheadSearchResults.jsp
@hashval=871164331
key=@ELEMENTCATALOG-fatwire/ui/util/TypeAheadSearchResults
type=ELEMENTCATALOG

==================___ END METADATA ___==================-->
