<object-stream>
  <com.fatwire.realtime.ResourceDataImpl>
    <id class="string">fatwire/ui/util/ValidateFileUpload</id>
    <resourceType>ELEMENTCATALOG</resourceType>
    <deps class="empty-set"/>
    <data class="com.openmarket.xcelerate.common.ElementCatalogEntry" serialization="custom">
      <com.openmarket.xcelerate.common.ElementCatalogEntry>
        <int>1</int>
        <string>fatwire/ui/util/ValidateFileUpload</string>
        <string>Element to validate the uploaded files</string>
        <string></string>
        <string></string>
        <string>fatwire/ui/util/ValidateFileUpload.jsp</string>
        <string></string>
        <string></string>
      </com.openmarket.xcelerate.common.ElementCatalogEntry>
    </data>
  </com.fatwire.realtime.ResourceDataImpl>
</object-stream>
<!--==================___ METADATA ___================
<dependencies>
  <linked-hash-set/>
</dependencies>
==================______________________==================
#
storable0=/ELEMENTS/JSP/fatwire/ui/util/ValidateFileUpload.jsp|null|_storable_type\=%2FELEMENTS%2FJSP%2Ffatwire%2Fui%2Futil%2FValidateFileUpload.jsp
@hashval=-1631756901
key=@ELEMENTCATALOG-fatwire/ui/util/ValidateFileUpload
type=ELEMENTCATALOG

==================___ END METADATA ___==================-->
