<object-stream>
  <com.fatwire.realtime.ResourceDataImpl>
    <id class="string">OpenMarket/Xcelerate/Admin/Util/EventDetailTable</id>
    <resourceType>ELEMENTCATALOG</resourceType>
    <deps class="empty-set"/>
    <data class="com.openmarket.xcelerate.common.ElementCatalogEntry" serialization="custom">
      <com.openmarket.xcelerate.common.ElementCatalogEntry>
        <int>1</int>
        <string>OpenMarket/Xcelerate/Admin/Util/EventDetailTable</string>
        <string>Describe a timed event in user-friendly terms</string>
        <string></string>
        <string></string>
        <string>OpenMarket/Xcelerate/Admin/Util/EventDetailTable.jsp</string>
        <string></string>
        <string></string>
      </com.openmarket.xcelerate.common.ElementCatalogEntry>
    </data>
  </com.fatwire.realtime.ResourceDataImpl>
</object-stream>
<!--==================___ METADATA ___================
<dependencies>
  <linked-hash-set/>
</dependencies>
==================______________________==================
#
storable0=/ELEMENTS/JSP/OpenMarket/Xcelerate/Admin/Util/EventDetailTable.jsp|null|_storable_type\=%2FELEMENTS%2FJSP%2FOpenMarket%2FXcelerate%2FAdmin%2FUtil%2FEventDetailTable.jsp
@hashval=1959709720
key=@ELEMENTCATALOG-OpenMarket/Xcelerate/Admin/Util/EventDetailTable
type=ELEMENTCATALOG

==================___ END METADATA ___==================-->
