<object-stream>
  <com.fatwire.realtime.ResourceDataImpl>
    <id class="string">OpenMarket/Flame/MySearch/SearchResults</id>
    <resourceType>ELEMENTCATALOG</resourceType>
    <deps class="empty-set"/>
    <data class="com.openmarket.xcelerate.common.ElementCatalogEntry" serialization="custom">
      <com.openmarket.xcelerate.common.ElementCatalogEntry>
        <int>1</int>
        <string>OpenMarket/Flame/MySearch/SearchResults</string>
        <string>My MySearch portlet search result</string>
        <string></string>
        <string></string>
        <string>OpenMarket/Flame/MySearch/SearchResults.jsp</string>
        <string></string>
        <string></string>
      </com.openmarket.xcelerate.common.ElementCatalogEntry>
    </data>
  </com.fatwire.realtime.ResourceDataImpl>
</object-stream>
<!--==================___ METADATA ___================
<dependencies>
  <linked-hash-set/>
</dependencies>
==================______________________==================
#
storable0=/ELEMENTS/JSP/OpenMarket/Flame/MySearch/SearchResults.jsp|null|_storable_type\=%2FELEMENTS%2FJSP%2FOpenMarket%2FFlame%2FMySearch%2FSearchResults.jsp
@hashval=-733025303
key=@ELEMENTCATALOG-OpenMarket/Flame/MySearch/SearchResults
type=ELEMENTCATALOG

==================___ END METADATA ___==================-->
