<?xml version="1.0" encoding="UTF-8" standalone="yes"?>
<ns2:assetBean xmlns:ns2="http://www.fatwire.com/schema/rest/1.0">
    <id>Template:1374098083444</id>
    <name>Head</name>
    <createdby>fwadmin</createdby>
    <createddate>2018-03-29T10:04:22.501Z</createddate>
    <description>Head</description>
    <publist>FW_Practice5.1</publist>
    <status>PL</status>
    <subtype>Demo_Product_C</subtype>
    <updatedby>fwadmin</updatedby>
    <updateddate>2018-03-29T10:04:22.501Z</updateddate>
    <attribute>
        <name>startdate</name>
        <data/>
    </attribute>
    <attribute>
        <name>enddate</name>
        <data/>
    </attribute>
    <attribute>
        <name>filename</name>
        <data>
            <stringValue></stringValue>
        </data>
    </attribute>
    <attribute>
        <name>path</name>
        <data>
            <stringValue></stringValue>
        </data>
    </attribute>
    <attribute>
        <name>template</name>
        <data>
            <stringValue></stringValue>
        </data>
    </attribute>
    <attribute>
        <name>urlexternaldoc</name>
        <data/>
    </attribute>
    <attribute>
        <name>externaldoctype</name>
        <data>
            <stringValue></stringValue>
        </data>
    </attribute>
    <attribute>
        <name>urlexternaldocxml</name>
        <data/>
    </attribute>
    <attribute>
        <name>fw_uid</name>
        <data>
            <stringValue>ecc25920-dfe5-4843-8a92-cd038f5e210b</stringValue>
        </data>
    </attribute>
    <attribute>
        <name>id</name>
        <data>
            <longValue>1374098083444</longValue>
        </data>
    </attribute>
    <attribute>
        <name>fwtags</name>
        <data/>
    </attribute>
    <attribute>
        <name>Webreference</name>
        <data/>
    </attribute>
    <attribute>
        <name>category</name>
        <data>
            <stringValue>banr</stringValue>
        </data>
    </attribute>
    <attribute>
        <name>keyword</name>
        <data>
            <stringValue></stringValue>
        </data>
    </attribute>
    <attribute>
        <name>source</name>
        <data>
            <stringValue></stringValue>
        </data>
    </attribute>
    <attribute>
        <name>rootelement</name>
        <data>
            <stringValue>Demo_Product_C/Head</stringValue>
        </data>
    </attribute>
    <attribute>
        <name>ttype</name>
        <data>
            <stringValue>x</stringValue>
        </data>
    </attribute>
    <attribute>
        <name>Arguments</name>
        <data/>
    </attribute>
    <attribute>
        <name>Composition</name>
        <data/>
    </attribute>
    <attribute>
        <name>Called</name>
        <data/>
    </attribute>
    <attribute>
        <name>Thumbnail</name>
        <data/>
    </attribute>
    <attribute>
        <name>Mapping</name>
        <data/>
    </attribute>
    <attribute>
        <name>acl</name>
        <data>
            <stringList></stringList>
        </data>
    </attribute>
    <attribute>
        <name>pagecriteria</name>
        <data>
            <stringList>c</stringList>
            <stringList>cid</stringList>
            <stringList>context</stringList>
            <stringList>d</stringList>
            <stringList>deviceid</stringList>
            <stringList>p</stringList>
            <stringList>rendermode</stringList>
            <stringList>site</stringList>
            <stringList>sitepfx</stringList>
            <stringList>ft_ss</stringList>
        </data>
    </attribute>
    <attribute>
        <name>element</name>
        <data>
            <structList>
                <item>
                    <name>resdetails2</name>
                    <data>
                        <stringValue></stringValue>
                    </data>
                </item>
                <item>
                    <name>cscacheinfo</name>
                    <data>
                        <stringValue>true,~0</stringValue>
                    </data>
                </item>
                <item>
                    <name>description</name>
                    <data>
                        <stringValue></stringValue>
                    </data>
                </item>
                <item>
                    <name>csstatus</name>
                    <data>
                        <stringValue>live</stringValue>
                    </data>
                </item>
                <item>
                    <name>sscacheinfo</name>
                    <data>
                        <stringValue>true,~0</stringValue>
                    </data>
                </item>
                <item>
                    <name>siteentry</name>
                    <data>
                        <structList>
                            <item>
<name>defaultarguments</name>
<data>
    <structList>
        <item>
            <name>name</name>
            <data>
                <stringValue>c</stringValue>
            </data>
        </item>
        <item>
            <name>value</name>
            <data>
                <stringValue>Demo_Product_C</stringValue>
            </data>
        </item>
    </structList>
    <structList>
        <item>
            <name>name</name>
            <data>
                <stringValue>rendermode</stringValue>
            </data>
        </item>
        <item>
            <name>value</name>
            <data>
                <stringValue>live</stringValue>
            </data>
        </item>
    </structList>
    <structList>
        <item>
            <name>name</name>
            <data>
                <stringValue>site</stringValue>
            </data>
        </item>
        <item>
            <name>value</name>
            <data>
                <stringValue>FW_Practice5.1</stringValue>
            </data>
        </item>
    </structList>
</data>
                            </item>
                            <item>
<name>pagename</name>
<data>
    <stringValue>FW_Practice5.1/Demo_Product_C/Head</stringValue>
</data>
                            </item>
                        </structList>
                    </data>
                </item>
                <item>
                    <name>resdetails1</name>
                    <data>
                        <stringValue>tid=1374098083444</stringValue>
                    </data>
                </item>
                <item>
                    <name>elementname</name>
                    <data>
                        <stringValue>Demo_Product_C/Head</stringValue>
                    </data>
                </item>
                <item>
                    <name>url</name>
                    <data>
                        <blobValue>
                            <filename>Demo_Product_C\Head.jsp</filename>
                            <foldername></foldername>
                            <filedata></filedata>
                        </blobValue>
                    </data>
                </item>
            </structList>
        </data>
    </attribute>
    <attribute>
        <name>applicablesubtypes</name>
        <data>
            <stringList>Demo_Product</stringList>
        </data>
    </attribute>
    <associations>
        <href>myPathassociations</href>
    </associations>
</ns2:assetBean>

<!--==================___ METADATA ___================
<dependencies>
  <linked-hash-set>
    <dependency>
      <depType>N</depType>
      <resType>Template</resType>
      <resId>1374098083444</resId>
      <uid>ecc25920-dfe5-4843-8a92-cd038f5e210b</uid>
    </dependency>
    <dependency>
      <depType>E</depType>
      <resType>@ASSET_TYPE</resType>
      <resId>Demo_Product_C</resId>
      <uid>4dffc196-5b94-461b-9d7a-65ea9400276f</uid>
    </dependency>
  </linked-hash-set>
</dependencies>
==================______________________==================
#
storable0=/ELEMENTS/JSP/Demo_Product_C/Head.jsp|UTF-8|_storable_type\=%2FELEMENTS%2FJSP%2FDemo_Product_C%2FHead.jsp
@hashval=-1087506433
key=Template-ecc25920-dfe5-4843-8a92-cd038f5e210b
type=ASSETDATA
sites=FW_Practice5.1

==================___ END METADATA ___==================-->
