<object-stream>
  <com.fatwire.realtime.ResourceDataImpl>
    <id class="string">OpenMarket/Xcelerate/AssetType/DeviceGroup/ContentDetails/capabilities</id>
    <resourceType>ELEMENTCATALOG</resourceType>
    <deps class="empty-set"/>
    <data class="com.openmarket.xcelerate.common.ElementCatalogEntry" serialization="custom">
      <com.openmarket.xcelerate.common.ElementCatalogEntry>
        <int>1</int>
        <string>OpenMarket/Xcelerate/AssetType/DeviceGroup/ContentDetails/capabilities</string>
        <string></string>
        <string></string>
        <string></string>
        <string>OpenMarket/Xcelerate/AssetType/DeviceGroup/ContentDetails/capabilities.jsp</string>
        <string></string>
        <string></string>
      </com.openmarket.xcelerate.common.ElementCatalogEntry>
    </data>
  </com.fatwire.realtime.ResourceDataImpl>
</object-stream>
<!--==================___ METADATA ___================
<dependencies>
  <linked-hash-set/>
</dependencies>
==================______________________==================
#
storable0=/ELEMENTS/JSP/OpenMarket/Xcelerate/AssetType/DeviceGroup/ContentDetails/capabilities.jsp|null|_storable_type\=%2FELEMENTS%2FJSP%2FOpenMarket%2FXcelerate%2FAssetType%2FDeviceGroup%2FContentDetails%2Fcapabilities.jsp
@hashval=-1110980464
key=@ELEMENTCATALOG-OpenMarket/Xcelerate/AssetType/DeviceGroup/ContentDetails/capabilities
type=ELEMENTCATALOG

==================___ END METADATA ___==================-->
