<object-stream>
  <com.fatwire.realtime.ResourceDataImpl>
    <id class="string">OpenMarket/Xcelerate/Actions/RevisionTracking/SafelyLockIfNeeded</id>
    <resourceType>ELEMENTCATALOG</resourceType>
    <deps class="empty-set"/>
    <data class="com.openmarket.xcelerate.common.ElementCatalogEntry" serialization="custom">
      <com.openmarket.xcelerate.common.ElementCatalogEntry>
        <int>1</int>
        <string>OpenMarket/Xcelerate/Actions/RevisionTracking/SafelyLockIfNeeded</string>
        <string>Safely lock a row in an asset table if needed</string>
        <string></string>
        <string></string>
        <string>OpenMarket/Xcelerate/Actions/RevisionTracking/SafelyLockIfNeeded.jsp</string>
        <string></string>
        <string></string>
      </com.openmarket.xcelerate.common.ElementCatalogEntry>
    </data>
  </com.fatwire.realtime.ResourceDataImpl>
</object-stream>
<!--==================___ METADATA ___================
<dependencies>
  <linked-hash-set/>
</dependencies>
==================______________________==================
#
storable0=/ELEMENTS/JSP/OpenMarket/Xcelerate/Actions/RevisionTracking/SafelyLockIfNeeded.jsp|null|_storable_type\=%2FELEMENTS%2FJSP%2FOpenMarket%2FXcelerate%2FActions%2FRevisionTracking%2FSafelyLockIfNeeded.jsp
@hashval=1367646615
key=@ELEMENTCATALOG-OpenMarket/Xcelerate/Actions/RevisionTracking/SafelyLockIfNeeded
type=ELEMENTCATALOG

==================___ END METADATA ___==================-->
