<object-stream>
  <com.fatwire.realtime.ResourceDataImpl>
    <id class="string">fatwire/security/SecurityConfigsPost</id>
    <resourceType>ELEMENTCATALOG</resourceType>
    <deps class="empty-set"/>
    <data class="com.openmarket.xcelerate.common.ElementCatalogEntry" serialization="custom">
      <com.openmarket.xcelerate.common.ElementCatalogEntry>
        <int>1</int>
        <string>fatwire/security/SecurityConfigsPost</string>
        <string>Screen for configuring security</string>
        <string></string>
        <string></string>
        <string>fatwire/security/SecurityConfigsPost.jsp</string>
        <string></string>
        <string></string>
      </com.openmarket.xcelerate.common.ElementCatalogEntry>
    </data>
  </com.fatwire.realtime.ResourceDataImpl>
</object-stream>
<!--==================___ METADATA ___================
<dependencies>
  <linked-hash-set/>
</dependencies>
==================______________________==================
#
storable0=/ELEMENTS/JSP/fatwire/security/SecurityConfigsPost.jsp|null|_storable_type\=%2FELEMENTS%2FJSP%2Ffatwire%2Fsecurity%2FSecurityConfigsPost.jsp
@hashval=2105029205
key=@ELEMENTCATALOG-fatwire/security/SecurityConfigsPost
type=ELEMENTCATALOG

==================___ END METADATA ___==================-->
