<object-stream>
  <com.fatwire.realtime.ResourceDataImpl>
    <id class="string">fatwire/security/UserGroupsPost</id>
    <resourceType>ELEMENTCATALOG</resourceType>
    <deps class="empty-set"/>
    <data class="com.openmarket.xcelerate.common.ElementCatalogEntry" serialization="custom">
      <com.openmarket.xcelerate.common.ElementCatalogEntry>
        <int>1</int>
        <string>fatwire/security/UserGroupsPost</string>
        <string>Screen for User Groups</string>
        <string></string>
        <string></string>
        <string>fatwire/security/UserGroupsPost.jsp</string>
        <string></string>
        <string></string>
      </com.openmarket.xcelerate.common.ElementCatalogEntry>
    </data>
  </com.fatwire.realtime.ResourceDataImpl>
</object-stream>
<!--==================___ METADATA ___================
<dependencies>
  <linked-hash-set/>
</dependencies>
==================______________________==================
#
storable0=/ELEMENTS/JSP/fatwire/security/UserGroupsPost.jsp|null|_storable_type\=%2FELEMENTS%2FJSP%2Ffatwire%2Fsecurity%2FUserGroupsPost.jsp
@hashval=1448216745
key=@ELEMENTCATALOG-fatwire/security/UserGroupsPost
type=ELEMENTCATALOG

==================___ END METADATA ___==================-->
