<object-stream>
  <com.fatwire.realtime.ResourceDataImpl>
    <id class="string">Analytics/AddAuditIntegrationImgTag</id>
    <resourceType>ELEMENTCATALOG</resourceType>
    <deps class="empty-set"/>
    <data class="com.openmarket.xcelerate.common.ElementCatalogEntry" serialization="custom">
      <com.openmarket.xcelerate.common.ElementCatalogEntry>
        <int>1</int>
        <string>Analytics/AddAuditIntegrationImgTag</string>
        <string></string>
        <string></string>
        <string></string>
        <string>Analytics/AddAuditIntegrationImgTag.jsp</string>
        <string></string>
        <string></string>
      </com.openmarket.xcelerate.common.ElementCatalogEntry>
    </data>
  </com.fatwire.realtime.ResourceDataImpl>
</object-stream>
<!--==================___ METADATA ___================
<dependencies>
  <linked-hash-set/>
</dependencies>
==================______________________==================
#
storable0=/ELEMENTS/JSP/Analytics/AddAuditIntegrationImgTag.jsp|null|_storable_type\=%2FELEMENTS%2FJSP%2FAnalytics%2FAddAuditIntegrationImgTag.jsp
@hashval=124390041
key=@ELEMENTCATALOG-Analytics/AddAuditIntegrationImgTag
type=ELEMENTCATALOG

==================___ END METADATA ___==================-->
