<object-stream>
  <com.fatwire.realtime.ResourceDataImpl>
    <id class="string">Analytics/AddAnalyticsImgTag</id>
    <resourceType>ELEMENTCATALOG</resourceType>
    <deps class="empty-set"/>
    <data class="com.openmarket.xcelerate.common.ElementCatalogEntry" serialization="custom">
      <com.openmarket.xcelerate.common.ElementCatalogEntry>
        <int>1</int>
        <string>Analytics/AddAnalyticsImgTag</string>
        <string></string>
        <string></string>
        <string></string>
        <string>Analytics/AddAnalyticsImgTag.jsp</string>
        <string></string>
        <string></string>
      </com.openmarket.xcelerate.common.ElementCatalogEntry>
    </data>
  </com.fatwire.realtime.ResourceDataImpl>
</object-stream>
<!--==================___ METADATA ___================
<dependencies>
  <linked-hash-set/>
</dependencies>
==================______________________==================
#
storable0=/ELEMENTS/JSP/Analytics/AddAnalyticsImgTag.jsp|null|_storable_type\=%2FELEMENTS%2FJSP%2FAnalytics%2FAddAnalyticsImgTag.jsp
@hashval=1931939693
key=@ELEMENTCATALOG-Analytics/AddAnalyticsImgTag
type=ELEMENTCATALOG

==================___ END METADATA ___==================-->
