<object-stream>
  <com.fatwire.realtime.ResourceDataImpl>
    <id class="string">Analytics/AddPerformanceIndicatorGraph</id>
    <resourceType>ELEMENTCATALOG</resourceType>
    <deps class="empty-set"/>
    <data class="com.openmarket.xcelerate.common.ElementCatalogEntry" serialization="custom">
      <com.openmarket.xcelerate.common.ElementCatalogEntry>
        <int>1</int>
        <string>Analytics/AddPerformanceIndicatorGraph</string>
        <string></string>
        <string></string>
        <string></string>
        <string>Analytics/AddPerformanceIndicatorGraph.jsp</string>
        <string></string>
        <string></string>
      </com.openmarket.xcelerate.common.ElementCatalogEntry>
    </data>
  </com.fatwire.realtime.ResourceDataImpl>
</object-stream>
<!--==================___ METADATA ___================
<dependencies>
  <linked-hash-set/>
</dependencies>
==================______________________==================
#
storable0=/ELEMENTS/JSP/Analytics/AddPerformanceIndicatorGraph.jsp|null|_storable_type\=%2FELEMENTS%2FJSP%2FAnalytics%2FAddPerformanceIndicatorGraph.jsp
@hashval=-566284315
key=@ELEMENTCATALOG-Analytics/AddPerformanceIndicatorGraph
type=ELEMENTCATALOG

==================___ END METADATA ___==================-->
