<object-stream>
  <com.fatwire.realtime.ResourceDataImpl>
    <id class="string">fatwire/systemtools/SystemInfo/CSInfo</id>
    <resourceType>ELEMENTCATALOG</resourceType>
    <deps class="empty-set"/>
    <data class="com.openmarket.xcelerate.common.ElementCatalogEntry" serialization="custom">
      <com.openmarket.xcelerate.common.ElementCatalogEntry>
        <int>1</int>
        <string>fatwire/systemtools/SystemInfo/CSInfo</string>
        <string>The input page for Content Server information.</string>
        <string></string>
        <string></string>
        <string>fatwire/systemtools/SystemInfo/CSInfo.jsp</string>
        <string></string>
        <string></string>
      </com.openmarket.xcelerate.common.ElementCatalogEntry>
    </data>
  </com.fatwire.realtime.ResourceDataImpl>
</object-stream>
<!--==================___ METADATA ___================
<dependencies>
  <linked-hash-set/>
</dependencies>
==================______________________==================
#
storable0=/ELEMENTS/JSP/fatwire/systemtools/SystemInfo/CSInfo.jsp|null|_storable_type\=%2FELEMENTS%2FJSP%2Ffatwire%2Fsystemtools%2FSystemInfo%2FCSInfo.jsp
@hashval=1197384307
key=@ELEMENTCATALOG-fatwire/systemtools/SystemInfo/CSInfo
type=ELEMENTCATALOG

==================___ END METADATA ___==================-->
