<object-stream>
  <com.fatwire.realtime.ResourceDataImpl>
    <id class="string">fatwire/systemtools/SystemInfo/DisplayDBResults</id>
    <resourceType>ELEMENTCATALOG</resourceType>
    <deps class="empty-set"/>
    <data class="com.openmarket.xcelerate.common.ElementCatalogEntry" serialization="custom">
      <com.openmarket.xcelerate.common.ElementCatalogEntry>
        <int>1</int>
        <string>fatwire/systemtools/SystemInfo/DisplayDBResults</string>
        <string>This page displays Content Server information based on DBInfo input.</string>
        <string></string>
        <string></string>
        <string>fatwire/systemtools/SystemInfo/DisplayDBResults.jsp</string>
        <string></string>
        <string></string>
      </com.openmarket.xcelerate.common.ElementCatalogEntry>
    </data>
  </com.fatwire.realtime.ResourceDataImpl>
</object-stream>
<!--==================___ METADATA ___================
<dependencies>
  <linked-hash-set/>
</dependencies>
==================______________________==================
#
storable0=/ELEMENTS/JSP/fatwire/systemtools/SystemInfo/DisplayDBResults.jsp|null|_storable_type\=%2FELEMENTS%2FJSP%2Ffatwire%2Fsystemtools%2FSystemInfo%2FDisplayDBResults.jsp
@hashval=-998080326
key=@ELEMENTCATALOG-fatwire/systemtools/SystemInfo/DisplayDBResults
type=ELEMENTCATALOG

==================___ END METADATA ___==================-->
