<object-stream>
  <com.fatwire.realtime.ResourceDataImpl>
    <id class="string">fatwire/systemtools/SystemInfo/ShowLoading</id>
    <resourceType>ELEMENTCATALOG</resourceType>
    <deps class="empty-set"/>
    <data class="com.openmarket.xcelerate.common.ElementCatalogEntry" serialization="custom">
      <com.openmarket.xcelerate.common.ElementCatalogEntry>
        <int>1</int>
        <string>fatwire/systemtools/SystemInfo/ShowLoading</string>
        <string>Common Ajax loading html code for CSInfo, DBInfo, ThreadInfo.</string>
        <string></string>
        <string></string>
        <string>fatwire/systemtools/SystemInfo/ShowLoading.jsp</string>
        <string></string>
        <string></string>
      </com.openmarket.xcelerate.common.ElementCatalogEntry>
    </data>
  </com.fatwire.realtime.ResourceDataImpl>
</object-stream>
<!--==================___ METADATA ___================
<dependencies>
  <linked-hash-set/>
</dependencies>
==================______________________==================
#
storable0=/ELEMENTS/JSP/fatwire/systemtools/SystemInfo/ShowLoading.jsp|null|_storable_type\=%2FELEMENTS%2FJSP%2Ffatwire%2Fsystemtools%2FSystemInfo%2FShowLoading.jsp
@hashval=896899247
key=@ELEMENTCATALOG-fatwire/systemtools/SystemInfo/ShowLoading
type=ELEMENTCATALOG

==================___ END METADATA ___==================-->
