<object-stream>
  <com.fatwire.realtime.ResourceDataImpl>
    <id class="string">fatwire/systemtools/SystemInfo/SysInfoDownload</id>
    <resourceType>ELEMENTCATALOG</resourceType>
    <deps class="empty-set"/>
    <data class="com.openmarket.xcelerate.common.ElementCatalogEntry" serialization="custom">
      <com.openmarket.xcelerate.common.ElementCatalogEntry>
        <int>1</int>
        <string>fatwire/systemtools/SystemInfo/SysInfoDownload</string>
        <string>Initial page which is been called for System Information Download. This page forwards the request to DownloadAll.jsp by an Ajax request.</string>
        <string></string>
        <string></string>
        <string>fatwire/systemtools/SystemInfo/SysInfoDownload.jsp</string>
        <string></string>
        <string></string>
      </com.openmarket.xcelerate.common.ElementCatalogEntry>
    </data>
  </com.fatwire.realtime.ResourceDataImpl>
</object-stream>
<!--==================___ METADATA ___================
<dependencies>
  <linked-hash-set/>
</dependencies>
==================______________________==================
#
storable0=/ELEMENTS/JSP/fatwire/systemtools/SystemInfo/SysInfoDownload.jsp|null|_storable_type\=%2FELEMENTS%2FJSP%2Ffatwire%2Fsystemtools%2FSystemInfo%2FSysInfoDownload.jsp
@hashval=1671878558
key=@ELEMENTCATALOG-fatwire/systemtools/SystemInfo/SysInfoDownload
type=ELEMENTCATALOG

==================___ END METADATA ___==================-->
