<object-stream>
  <com.fatwire.realtime.ResourceDataImpl>
    <id class="string">fatwire/systemtools/SystemInfo/ThreadInfo</id>
    <resourceType>ELEMENTCATALOG</resourceType>
    <deps class="empty-set"/>
    <data class="com.openmarket.xcelerate.common.ElementCatalogEntry" serialization="custom">
      <com.openmarket.xcelerate.common.ElementCatalogEntry>
        <int>1</int>
        <string>fatwire/systemtools/SystemInfo/ThreadInfo</string>
        <string>The input page for Thread information.</string>
        <string></string>
        <string></string>
        <string>fatwire/systemtools/SystemInfo/ThreadInfo.jsp</string>
        <string></string>
        <string></string>
      </com.openmarket.xcelerate.common.ElementCatalogEntry>
    </data>
  </com.fatwire.realtime.ResourceDataImpl>
</object-stream>
<!--==================___ METADATA ___================
<dependencies>
  <linked-hash-set/>
</dependencies>
==================______________________==================
#
storable0=/ELEMENTS/JSP/fatwire/systemtools/SystemInfo/ThreadInfo.jsp|null|_storable_type\=%2FELEMENTS%2FJSP%2Ffatwire%2Fsystemtools%2FSystemInfo%2FThreadInfo.jsp
@hashval=885431457
key=@ELEMENTCATALOG-fatwire/systemtools/SystemInfo/ThreadInfo
type=ELEMENTCATALOG

==================___ END METADATA ___==================-->
