<?xml version="1.0" encoding="UTF-8" standalone="yes"?>
<ns2:assetBean xmlns:ns2="http://www.fatwire.com/schema/rest/1.0">
    <id>Template:1366891711896</id>
    <name>Detail</name>
    <createdby>fwadmin</createdby>
    <createddate>2013-04-30T13:30:25.210Z</createddate>
    <description></description>
    <publist>avisports</publist>
    <status>PL</status>
    <subtype>AdvCols</subtype>
    <updatedby>fwadmin</updatedby>
    <updateddate>2013-04-30T13:30:25.211Z</updateddate>
    <attribute>
        <name>startdate</name>
        <data/>
    </attribute>
    <attribute>
        <name>enddate</name>
        <data/>
    </attribute>
    <attribute>
        <name>filename</name>
        <data>
            <stringValue></stringValue>
        </data>
    </attribute>
    <attribute>
        <name>path</name>
        <data>
            <stringValue></stringValue>
        </data>
    </attribute>
    <attribute>
        <name>template</name>
        <data>
            <stringValue></stringValue>
        </data>
    </attribute>
    <attribute>
        <name>urlexternaldoc</name>
        <data/>
    </attribute>
    <attribute>
        <name>externaldoctype</name>
        <data>
            <stringValue></stringValue>
        </data>
    </attribute>
    <attribute>
        <name>urlexternaldocxml</name>
        <data/>
    </attribute>
    <attribute>
        <name>fw_uid</name>
        <data>
            <stringValue>9c3a1f4e-afc8-4cff-9a61-e1a307e8c382</stringValue>
        </data>
    </attribute>
    <attribute>
        <name>id</name>
        <data>
            <longValue>1366891711896</longValue>
        </data>
    </attribute>
    <attribute>
        <name>fwtags</name>
        <data/>
    </attribute>
    <attribute>
        <name>Webreference</name>
        <data/>
    </attribute>
    <attribute>
        <name>category</name>
        <data>
            <stringValue>banr</stringValue>
        </data>
    </attribute>
    <attribute>
        <name>keyword</name>
        <data>
            <stringValue></stringValue>
        </data>
    </attribute>
    <attribute>
        <name>source</name>
        <data>
            <stringValue></stringValue>
        </data>
    </attribute>
    <attribute>
        <name>rootelement</name>
        <data>
            <stringValue>AdvCols/Detail</stringValue>
        </data>
    </attribute>
    <attribute>
        <name>ttype</name>
        <data>
            <stringValue>b</stringValue>
        </data>
    </attribute>
    <attribute>
        <name>Arguments</name>
        <data/>
    </attribute>
    <attribute>
        <name>Composition</name>
        <data/>
    </attribute>
    <attribute>
        <name>Called</name>
        <data/>
    </attribute>
    <attribute>
        <name>Thumbnail</name>
        <data/>
    </attribute>
    <attribute>
        <name>Mapping</name>
        <data/>
    </attribute>
    <attribute>
        <name>acl</name>
        <data>
            <stringList></stringList>
        </data>
    </attribute>
    <attribute>
        <name>pagecriteria</name>
        <data>
            <stringList>c</stringList>
            <stringList>cid</stringList>
            <stringList>context</stringList>
            <stringList>d</stringList>
            <stringList>deviceid</stringList>
            <stringList>p</stringList>
            <stringList>rendermode</stringList>
            <stringList>site</stringList>
            <stringList>sitepfx</stringList>
            <stringList>ft_ss</stringList>
        </data>
    </attribute>
    <attribute>
        <name>element</name>
        <data>
            <structList>
                <item>
                    <name>resdetails2</name>
                    <data>
                        <stringValue></stringValue>
                    </data>
                </item>
                <item>
                    <name>cscacheinfo</name>
                    <data>
                        <stringValue>true,~0</stringValue>
                    </data>
                </item>
                <item>
                    <name>description</name>
                    <data>
                        <stringValue></stringValue>
                    </data>
                </item>
                <item>
                    <name>csstatus</name>
                    <data>
                        <stringValue>live</stringValue>
                    </data>
                </item>
                <item>
                    <name>sscacheinfo</name>
                    <data>
                        <stringValue>true,~0</stringValue>
                    </data>
                </item>
                <item>
                    <name>siteentry</name>
                    <data>
                        <structList>
                            <item>
                                <name>defaultarguments</name>
                                <data>
                                    <structList>
                                        <item>
                                            <name>name</name>
                                            <data>
                                                <stringValue>c</stringValue>
                                            </data>
                                        </item>
                                        <item>
                                            <name>value</name>
                                            <data>
                                                <stringValue>AdvCols</stringValue>
                                            </data>
                                        </item>
                                    </structList>
                                    <structList>
                                        <item>
                                            <name>name</name>
                                            <data>
                                                <stringValue>rendermode</stringValue>
                                            </data>
                                        </item>
                                        <item>
                                            <name>value</name>
                                            <data>
                                                <stringValue>live</stringValue>
                                            </data>
                                        </item>
                                    </structList>
                                    <structList>
                                        <item>
                                            <name>name</name>
                                            <data>
                                                <stringValue>site</stringValue>
                                            </data>
                                        </item>
                                        <item>
                                            <name>value</name>
                                            <data>
                                                <stringValue>avisports</stringValue>
                                            </data>
                                        </item>
                                    </structList>
                                </data>
                            </item>
                            <item>
                                <name>pagename</name>
                                <data>
                                    <stringValue>avisports/AdvCols/Detail</stringValue>
                                </data>
                            </item>
                        </structList>
                    </data>
                </item>
                <item>
                    <name>resdetails1</name>
                    <data>
                        <stringValue>tid=1366891711896</stringValue>
                    </data>
                </item>
                <item>
                    <name>elementname</name>
                    <data>
                        <stringValue>AdvCols/Detail</stringValue>
                    </data>
                </item>
                <item>
                    <name>url</name>
                    <data>
                        <blobValue>
                            <filename>AdvCols/Detail.jsp</filename>
                            <foldername></foldername>
                            <filedata></filedata>
                        </blobValue>
                    </data>
                </item>
            </structList>
        </data>
    </attribute>
    <attribute>
        <name>applicablesubtypes</name>
        <data>
            <stringList>*</stringList>
        </data>
    </attribute>
    <associations>
        <href>myPathassociations</href>
    </associations>
</ns2:assetBean>

<!--==================___ METADATA ___================
<dependencies>
  <linked-hash-set>
    <dependency>
      <depType>N</depType>
      <resType>Template</resType>
      <resId>1366891711896</resId>
      <uid>9c3a1f4e-afc8-4cff-9a61-e1a307e8c382</uid>
    </dependency>
  </linked-hash-set>
</dependencies>
==================______________________==================
#
storable0=/ELEMENTS/JSP/AdvCols/Detail.jsp|UTF-8|_storable_type\=%2FELEMENTS%2FJSP%2FAdvCols%2FDetail.jsp
@hashval=1386966250
key=Template-9c3a1f4e-afc8-4cff-9a61-e1a307e8c382
type=ASSETDATA
sites=avisports

==================___ END METADATA ___==================-->
