<object-stream>
  <com.fatwire.realtime.ResourceDataImpl>
    <id class="string">OpenMarket/Gator/AttributeTypes/RenderSWFUpload</id>
    <resourceType>ELEMENTCATALOG</resourceType>
    <deps class="java.util.Collections$EmptySet"/>
    <data class="com.openmarket.xcelerate.common.ElementCatalogEntry" serialization="custom">
      <com.openmarket.xcelerate.common.ElementCatalogEntry>
        <int>1</int>
        <string>OpenMarket/Gator/AttributeTypes/RenderSWFUpload</string>
        <string></string>
        <string></string>
        <string></string>
        <string>OpenMarket/Gator/AttributeTypes/RenderSWFUpload.jsp</string>
        <string></string>
        <string></string>
      </com.openmarket.xcelerate.common.ElementCatalogEntry>
    </data>
  </com.fatwire.realtime.ResourceDataImpl>
</object-stream>
<!--==================___ METADATA ___================
<dependencies>
  <list/>
</dependencies>
==================______________________==================
#
#Mon Dec 05 22:06:49 CET 2011
storable0=/ELEMENTS/JSP/OpenMarket/Gator/AttributeTypes/RenderSWFUpload.jsp|null|_storable_type\=%2FELEMENTS%2FJSP%2FOpenMarket%2FGator%2FAttributeTypes%2FRenderSWFUpload.jsp
key=@ELEMENTCATALOG-OpenMarket/Gator/AttributeTypes/RenderSWFUpload
type=ELEMENTCATALOG

==================___ END METADATA ___==================-->
