<object-stream>
  <com.fatwire.realtime.ResourceDataImpl>
    <id class="string">fatwire/insitetemplating/stub/ControlPanel</id>
    <resourceType>ELEMENTCATALOG</resourceType>
    <deps class="empty-set"/>
    <data class="com.openmarket.xcelerate.common.ElementCatalogEntry" serialization="custom">
      <com.openmarket.xcelerate.common.ElementCatalogEntry>
        <int>1</int>
        <string>fatwire/insitetemplating/stub/ControlPanel</string>
        <string>InsiteTemplating ControlPanel</string>
        <string></string>
        <string></string>
        <string>fatwire/insitetemplating/stub/ControlPanel.jsp</string>
        <string></string>
        <string></string>
      </com.openmarket.xcelerate.common.ElementCatalogEntry>
    </data>
  </com.fatwire.realtime.ResourceDataImpl>
</object-stream>
<!--==================___ METADATA ___================
<dependencies>
  <linked-hash-set/>
</dependencies>
==================______________________==================
#
storable0=/ELEMENTS/JSP/fatwire/insitetemplating/stub/ControlPanel.jsp|null|_storable_type\=%2FELEMENTS%2FJSP%2Ffatwire%2Finsitetemplating%2Fstub%2FControlPanel.jsp
@hashval=-44599498
key=@ELEMENTCATALOG-fatwire/insitetemplating/stub/ControlPanel
type=ELEMENTCATALOG

==================___ END METADATA ___==================-->
