<object-stream>
  <com.fatwire.realtime.ResourceDataImpl>
    <id class="string">OpenMarket/Gator/UIFramework/TreeTabSysCheck</id>
    <resourceType>ELEMENTCATALOG</resourceType>
    <deps class="empty-set"/>
    <data class="com.openmarket.xcelerate.common.ElementCatalogEntry" serialization="custom">
      <com.openmarket.xcelerate.common.ElementCatalogEntry>
        <int>1</int>
        <string>OpenMarket/Gator/UIFramework/TreeTabSysCheck</string>
        <string>Check whether a tab is a system tab</string>
        <string></string>
        <string></string>
        <string>OpenMarket/Gator/UIFramework/TreeTabSysCheck.jsp</string>
        <string></string>
        <string></string>
      </com.openmarket.xcelerate.common.ElementCatalogEntry>
    </data>
  </com.fatwire.realtime.ResourceDataImpl>
</object-stream>
<!--==================___ METADATA ___================
<dependencies>
  <linked-hash-set/>
</dependencies>
==================______________________==================
#
storable0=/ELEMENTS/JSP/OpenMarket/Gator/UIFramework/TreeTabSysCheck.jsp|null|_storable_type\=%2FELEMENTS%2FJSP%2FOpenMarket%2FGator%2FUIFramework%2FTreeTabSysCheck.jsp
@hashval=497559945
key=@ELEMENTCATALOG-OpenMarket/Gator/UIFramework/TreeTabSysCheck
type=ELEMENTCATALOG

==================___ END METADATA ___==================-->
