<object-stream>
  <com.fatwire.realtime.ResourceDataImpl>
    <id class="string">OpenMarket/Gator/UIFramework/TreeTabPreUpdate</id>
    <resourceType>ELEMENTCATALOG</resourceType>
    <deps class="empty-set"/>
    <data class="com.openmarket.xcelerate.common.ElementCatalogEntry" serialization="custom">
      <com.openmarket.xcelerate.common.ElementCatalogEntry>
        <int>1</int>
        <string>OpenMarket/Gator/UIFramework/TreeTabPreUpdate</string>
        <string>Checks if a Tree tab already exist</string>
        <string></string>
        <string></string>
        <string>OpenMarket/Gator/UIFramework/TreeTabPreUpdate.jsp</string>
        <string></string>
        <string></string>
      </com.openmarket.xcelerate.common.ElementCatalogEntry>
    </data>
  </com.fatwire.realtime.ResourceDataImpl>
</object-stream>
<!--==================___ METADATA ___================
<dependencies>
  <linked-hash-set/>
</dependencies>
==================______________________==================
#
storable0=/ELEMENTS/JSP/OpenMarket/Gator/UIFramework/TreeTabPreUpdate.jsp|null|_storable_type\=%2FELEMENTS%2FJSP%2FOpenMarket%2FGator%2FUIFramework%2FTreeTabPreUpdate.jsp
@hashval=-1865112100
key=@ELEMENTCATALOG-OpenMarket/Gator/UIFramework/TreeTabPreUpdate
type=ELEMENTCATALOG

==================___ END METADATA ___==================-->
