<object-stream>
  <com.fatwire.realtime.ResourceDataImpl>
    <id class="string">AlloyUI/Util/XMLErrorWrapper</id>
    <resourceType>ELEMENTCATALOG</resourceType>
    <deps class="empty-set"/>
    <data class="com.openmarket.xcelerate.common.ElementCatalogEntry" serialization="custom">
      <com.openmarket.xcelerate.common.ElementCatalogEntry>
        <int>1</int>
        <string>AlloyUI/Util/XMLErrorWrapper</string>
        <string></string>
        <string></string>
        <string></string>
        <string>AlloyUI/Util/XMLErrorWrapper.jsp</string>
        <string></string>
        <string></string>
      </com.openmarket.xcelerate.common.ElementCatalogEntry>
    </data>
  </com.fatwire.realtime.ResourceDataImpl>
</object-stream>
<!--==================___ METADATA ___================
<dependencies>
  <linked-hash-set/>
</dependencies>
==================______________________==================
#
storable0=/ELEMENTS/JSP/AlloyUI/Util/XMLErrorWrapper.jsp|null|_storable_type\=%2FELEMENTS%2FJSP%2FAlloyUI%2FUtil%2FXMLErrorWrapper.jsp
@hashval=-687256739
key=@ELEMENTCATALOG-AlloyUI/Util/XMLErrorWrapper
type=ELEMENTCATALOG

==================___ END METADATA ___==================-->
