<object-stream>
  <com.fatwire.realtime.ResourceDataImpl>
    <id class="string">OpenMarket/AssetMaker/BuildCKEditor</id>
    <resourceType>ELEMENTCATALOG</resourceType>
    <deps class="empty-set"/>
    <data class="com.openmarket.xcelerate.common.ElementCatalogEntry" serialization="custom">
      <com.openmarket.xcelerate.common.ElementCatalogEntry>
        <int>1</int>
        <string>OpenMarket/AssetMaker/BuildCKEditor</string>
        <string>Build the FCK Editor</string>
        <string></string>
        <string></string>
        <string>OpenMarket/AssetMaker/BuildCKEditor.jsp</string>
        <string></string>
        <string></string>
      </com.openmarket.xcelerate.common.ElementCatalogEntry>
    </data>
  </com.fatwire.realtime.ResourceDataImpl>
</object-stream>
<!--==================___ METADATA ___================
<dependencies>
  <linked-hash-set/>
</dependencies>
==================______________________==================
#
storable0=/ELEMENTS/JSP/OpenMarket/AssetMaker/BuildCKEditor.jsp|null|_storable_type\=%2FELEMENTS%2FJSP%2FOpenMarket%2FAssetMaker%2FBuildCKEditor.jsp
@hashval=81331722
key=@ELEMENTCATALOG-OpenMarket/AssetMaker/BuildCKEditor
type=ELEMENTCATALOG

==================___ END METADATA ___==================-->
