<object-stream>
  <com.fatwire.realtime.ResourceDataImpl>
    <id class="string">OpenMarket/AssetMaker/BuildUnnamedAssociations</id>
    <resourceType>ELEMENTCATALOG</resourceType>
    <deps class="empty-set"/>
    <data class="com.openmarket.xcelerate.common.ElementCatalogEntry" serialization="custom">
      <com.openmarket.xcelerate.common.ElementCatalogEntry>
        <int>1</int>
        <string>OpenMarket/AssetMaker/BuildUnnamedAssociations</string>
        <string>present unnamed assocaitions in ContentForm</string>
        <string></string>
        <string></string>
        <string>OpenMarket/AssetMaker/BuildUnnamedAssociations.jsp</string>
        <string></string>
        <string></string>
      </com.openmarket.xcelerate.common.ElementCatalogEntry>
    </data>
  </com.fatwire.realtime.ResourceDataImpl>
</object-stream>
<!--==================___ METADATA ___================
<dependencies>
  <linked-hash-set/>
</dependencies>
==================______________________==================
#
storable0=/ELEMENTS/JSP/OpenMarket/AssetMaker/BuildUnnamedAssociations.jsp|null|_storable_type\=%2FELEMENTS%2FJSP%2FOpenMarket%2FAssetMaker%2FBuildUnnamedAssociations.jsp
@hashval=-1222743315
key=@ELEMENTCATALOG-OpenMarket/AssetMaker/BuildUnnamedAssociations
type=ELEMENTCATALOG

==================___ END METADATA ___==================-->
