<object-stream>
  <com.fatwire.realtime.ResourceDataImpl>
    <id class="string">OpenMarket/AssetMaker/FCKIMAGEPICKER</id>
    <resourceType>ELEMENTCATALOG</resourceType>
    <deps class="empty-set"/>
    <data class="com.openmarket.xcelerate.common.ElementCatalogEntry" serialization="custom">
      <com.openmarket.xcelerate.common.ElementCatalogEntry>
        <int>1</int>
        <string>OpenMarket/AssetMaker/FCKIMAGEPICKER</string>
        <string>Sets Image Picker Attributes</string>
        <string></string>
        <string></string>
        <string>OpenMarket/AssetMaker/FCKIMAGEPICKER.jsp</string>
        <string></string>
        <string></string>
      </com.openmarket.xcelerate.common.ElementCatalogEntry>
    </data>
  </com.fatwire.realtime.ResourceDataImpl>
</object-stream>
<!--==================___ METADATA ___================
<dependencies>
  <linked-hash-set/>
</dependencies>
==================______________________==================
#
storable0=/ELEMENTS/JSP/OpenMarket/AssetMaker/FCKIMAGEPICKER.jsp|null|_storable_type\=%2FELEMENTS%2FJSP%2FOpenMarket%2FAssetMaker%2FFCKIMAGEPICKER.jsp
@hashval=-532582965
key=@ELEMENTCATALOG-OpenMarket/AssetMaker/FCKIMAGEPICKER
type=ELEMENTCATALOG

==================___ END METADATA ___==================-->
