<object-stream>
  <com.fatwire.realtime.ResourceDataImpl>
    <id class="string">OpenMarket/Flame/DocumentManagement/DM_View_Breadcrumb</id>
    <resourceType>ELEMENTCATALOG</resourceType>
    <deps class="empty-set"/>
    <data class="com.openmarket.xcelerate.common.ElementCatalogEntry" serialization="custom">
      <com.openmarket.xcelerate.common.ElementCatalogEntry>
        <int>1</int>
        <string>OpenMarket/Flame/DocumentManagement/DM_View_Breadcrumb</string>
        <string></string>
        <string></string>
        <string></string>
        <string>OpenMarket/Flame/DocumentManagement/DM_View_Breadcrumb.jsp</string>
        <string></string>
        <string></string>
      </com.openmarket.xcelerate.common.ElementCatalogEntry>
    </data>
  </com.fatwire.realtime.ResourceDataImpl>
</object-stream>
<!--==================___ METADATA ___================
<dependencies>
  <linked-hash-set/>
</dependencies>
==================______________________==================
#
storable0=/ELEMENTS/JSP/OpenMarket/Flame/DocumentManagement/DM_View_Breadcrumb.jsp|null|_storable_type\=%2FELEMENTS%2FJSP%2FOpenMarket%2FFlame%2FDocumentManagement%2FDM_View_Breadcrumb.jsp
@hashval=-1418914189
key=@ELEMENTCATALOG-OpenMarket/Flame/DocumentManagement/DM_View_Breadcrumb
type=ELEMENTCATALOG

==================___ END METADATA ___==================-->
