<object-stream>
  <com.fatwire.realtime.ResourceDataImpl>
    <id class="string">OpenMarket/Xcelerate/Actions/WCC/RuleDetail</id>
    <resourceType>ELEMENTCATALOG</resourceType>
    <deps class="empty-set"/>
    <data class="com.openmarket.xcelerate.common.ElementCatalogEntry" serialization="custom">
      <com.openmarket.xcelerate.common.ElementCatalogEntry>
        <int>1</int>
        <string>OpenMarket/Xcelerate/Actions/WCC/RuleDetail</string>
        <string></string>
        <string></string>
        <string></string>
        <string>OpenMarket/Xcelerate/Actions/WCC/RuleDetail.jsp</string>
        <string></string>
        <string></string>
      </com.openmarket.xcelerate.common.ElementCatalogEntry>
    </data>
  </com.fatwire.realtime.ResourceDataImpl>
</object-stream>
<!--==================___ METADATA ___================
<dependencies>
  <linked-hash-set/>
</dependencies>
==================______________________==================
#
storable0=/ELEMENTS/JSP/OpenMarket/Xcelerate/Actions/WCC/RuleDetail.jsp|null|_storable_type\=%2FELEMENTS%2FJSP%2FOpenMarket%2FXcelerate%2FActions%2FWCC%2FRuleDetail.jsp
@hashval=-659033072
key=@ELEMENTCATALOG-OpenMarket/Xcelerate/Actions/WCC/RuleDetail
type=ELEMENTCATALOG

==================___ END METADATA ___==================-->
