<object-stream>
  <com.fatwire.realtime.ResourceDataImpl>
    <id class="string">AlloyUI/Tree/loadSitePlanTree</id>
    <resourceType>ELEMENTCATALOG</resourceType>
    <deps class="empty-set"/>
    <data class="com.openmarket.xcelerate.common.ElementCatalogEntry" serialization="custom">
      <com.openmarket.xcelerate.common.ElementCatalogEntry>
        <int>1</int>
        <string>AlloyUI/Tree/loadSitePlanTree</string>
        <string></string>
        <string></string>
        <string></string>
        <string>AlloyUI/Tree/loadSitePlanTree.jsp</string>
        <string></string>
        <string></string>
      </com.openmarket.xcelerate.common.ElementCatalogEntry>
    </data>
  </com.fatwire.realtime.ResourceDataImpl>
</object-stream>
<!--==================___ METADATA ___================
<dependencies>
  <linked-hash-set/>
</dependencies>
==================______________________==================
#
storable0=/ELEMENTS/JSP/AlloyUI/Tree/loadSitePlanTree.jsp|null|_storable_type\=%2FELEMENTS%2FJSP%2FAlloyUI%2FTree%2FloadSitePlanTree.jsp
@hashval=-2122437462
key=@ELEMENTCATALOG-AlloyUI/Tree/loadSitePlanTree
type=ELEMENTCATALOG

==================___ END METADATA ___==================-->
