<object-stream>
  <com.fatwire.realtime.ResourceDataImpl>
    <id class="string">CustomElements/YouTube/UI/Data/Search/SearchAction</id>
    <resourceType>ELEMENTCATALOG</resourceType>
    <deps class="empty-set"/>
    <data class="com.openmarket.xcelerate.common.ElementCatalogEntry" serialization="custom">
      <com.openmarket.xcelerate.common.ElementCatalogEntry>
        <int>1</int>
        <string>CustomElements/YouTube/UI/Data/Search/SearchAction</string>
        <string></string>
        <string>proxyHost=emeacache.uk.oracle.com</string>
        <string></string>
        <string>CustomElements/YouTube/UI/Data/Search/SearchAction.jsp</string>
        <string></string>
        <string></string>
      </com.openmarket.xcelerate.common.ElementCatalogEntry>
    </data>
  </com.fatwire.realtime.ResourceDataImpl>
</object-stream>
<!--==================___ METADATA ___================
<dependencies>
  <linked-hash-set/>
</dependencies>
==================______________________==================
#
storable0=/ELEMENTS/JSP/CustomElements/YouTube/UI/Data/Search/SearchAction.jsp|null|_storable_type\=%2FELEMENTS%2FJSP%2FCustomElements%2FYouTube%2FUI%2FData%2FSearch%2FSearchAction.jsp
@hashval=327058370
key=@ELEMENTCATALOG-CustomElements/YouTube/UI/Data/Search/SearchAction
type=ELEMENTCATALOG

==================___ END METADATA ___==================-->
