<object-stream>
  <com.fatwire.realtime.ResourceDataImpl>
    <id class="string">CG/AdminUtility/ImportCGIntegration</id>
    <resourceType>ELEMENTCATALOG</resourceType>
    <deps class="empty-set"/>
    <data class="com.openmarket.xcelerate.common.ElementCatalogEntry" serialization="custom">
      <com.openmarket.xcelerate.common.ElementCatalogEntry>
        <int>1</int>
        <string>CG/AdminUtility/ImportCGIntegration</string>
        <string>Admin utility that installs Community-Gadgets Integration files remotely. It is called during the first launch of Community-Gadgets application</string>
        <string></string>
        <string></string>
        <string>CG/AdminUtility/ImportCGIntegration.jsp</string>
        <string></string>
        <string></string>
      </com.openmarket.xcelerate.common.ElementCatalogEntry>
    </data>
  </com.fatwire.realtime.ResourceDataImpl>
</object-stream>
<!--==================___ METADATA ___================
<dependencies>
  <linked-hash-set/>
</dependencies>
==================______________________==================
#
storable0=/ELEMENTS/JSP/CG/AdminUtility/ImportCGIntegration.jsp|null|_storable_type\=%2FELEMENTS%2FJSP%2FCG%2FAdminUtility%2FImportCGIntegration.jsp
@hashval=-392828189
key=@ELEMENTCATALOG-CG/AdminUtility/ImportCGIntegration
type=ELEMENTCATALOG

==================___ END METADATA ___==================-->
