<object-stream>
  <com.fatwire.realtime.ResourceDataImpl>
    <id class="string">fatwire/systemtools/ManageCache</id>
    <resourceType>ELEMENTCATALOG</resourceType>
    <deps class="empty-set"/>
    <data class="com.openmarket.xcelerate.common.ElementCatalogEntry" serialization="custom">
      <com.openmarket.xcelerate.common.ElementCatalogEntry>
        <int>1</int>
        <string>fatwire/systemtools/ManageCache</string>
        <string>The page responsible for authorization and forwarding the request to appropriate cache management pages.</string>
        <string></string>
        <string></string>
        <string>fatwire/systemtools/ManageCache.jsp</string>
        <string></string>
        <string></string>
      </com.openmarket.xcelerate.common.ElementCatalogEntry>
    </data>
  </com.fatwire.realtime.ResourceDataImpl>
</object-stream>
<!--==================___ METADATA ___================
<dependencies>
  <linked-hash-set/>
</dependencies>
==================______________________==================
#
storable0=/ELEMENTS/JSP/fatwire/systemtools/ManageCache.jsp|null|_storable_type\=%2FELEMENTS%2FJSP%2Ffatwire%2Fsystemtools%2FManageCache.jsp
@hashval=956397037
key=@ELEMENTCATALOG-fatwire/systemtools/ManageCache
type=ELEMENTCATALOG

==================___ END METADATA ___==================-->
