<?xml version="1.0" encoding="UTF-8" standalone="yes"?>
<ns2:assetBean xmlns:ns2="http://www.fatwire.com/schema/rest/1.0">
    <id>CSElement:1121172250643</id>
    <name>FSIICommon/Login/EditProfilePost</name>
    <createdby>firstsite</createdby>
    <createddate>2005-07-12T11:27:34.000Z</createddate>
    <description>FSIICommon/Login/EditProfilePost</description>
    <publist>FirstSiteII</publist>
    <status>PL</status>
    <subtype></subtype>
    <updatedby>firstsite</updatedby>
    <updateddate>2005-07-12T11:27:34.000Z</updateddate>
    <attribute>
        <name>startdate</name>
        <data/>
    </attribute>
    <attribute>
        <name>enddate</name>
        <data/>
    </attribute>
    <attribute>
        <name>filename</name>
        <data>
            <stringValue></stringValue>
        </data>
    </attribute>
    <attribute>
        <name>path</name>
        <data>
            <stringValue></stringValue>
        </data>
    </attribute>
    <attribute>
        <name>template</name>
        <data>
            <stringValue></stringValue>
        </data>
    </attribute>
    <attribute>
        <name>urlexternaldoc</name>
        <data/>
    </attribute>
    <attribute>
        <name>externaldoctype</name>
        <data>
            <stringValue></stringValue>
        </data>
    </attribute>
    <attribute>
        <name>urlexternaldocxml</name>
        <data/>
    </attribute>
    <attribute>
        <name>fw_uid</name>
        <data>
            <stringValue>332f3430-206f-4b5d-8b4d-768ee1bbe513</stringValue>
        </data>
    </attribute>
    <attribute>
        <name>id</name>
        <data>
            <longValue>1121172250643</longValue>
        </data>
    </attribute>
    <attribute>
        <name>fwtags</name>
        <data/>
    </attribute>
    <attribute>
        <name>Webreference</name>
        <data/>
    </attribute>
    <attribute>
        <name>Composition</name>
        <data/>
    </attribute>
    <attribute>
        <name>Mapping</name>
        <data>
            <structList>
                <item>
                    <name>value</name>
                    <data>
                        <stringValue>CSElement:FSIICommon/Login/SetEngageUserInfo</stringValue>
                    </data>
                </item>
                <item>
                    <name>siteid</name>
                    <data>
                        <stringValue>1112198287026</stringValue>
                    </data>
                </item>
                <item>
                    <name>type</name>
                    <data>
                        <stringValue>assetname</stringValue>
                    </data>
                </item>
                <item>
                    <name>key</name>
                    <data>
                        <stringValue>SetEngageUserInfo</stringValue>
                    </data>
                </item>
            </structList>
            <structList>
                <item>
                    <name>value</name>
                    <data>
                        <stringValue>FSIIVisitorDef:FSIIBasicVisitor</stringValue>
                    </data>
                </item>
                <item>
                    <name>siteid</name>
                    <data>
                        <stringValue>1112198287026</stringValue>
                    </data>
                </item>
                <item>
                    <name>type</name>
                    <data>
                        <stringValue>assetname</stringValue>
                    </data>
                </item>
                <item>
                    <name>key</name>
                    <data>
                        <stringValue>VisitorDefName</stringValue>
                    </data>
                </item>
            </structList>
            <structList>
                <item>
                    <name>value</name>
                    <data>
                        <stringValue>FSIIVisitor</stringValue>
                    </data>
                </item>
                <item>
                    <name>siteid</name>
                    <data>
                        <stringValue>1112198287026</stringValue>
                    </data>
                </item>
                <item>
                    <name>type</name>
                    <data>
                        <stringValue>assettype</stringValue>
                    </data>
                </item>
                <item>
                    <name>key</name>
                    <data>
                        <stringValue>VisitorType</stringValue>
                    </data>
                </item>
            </structList>
        </data>
    </attribute>
    <attribute>
        <name>Arguments</name>
        <data/>
    </attribute>
    <attribute>
        <name>category</name>
        <data>
            <stringValue></stringValue>
        </data>
    </attribute>
    <attribute>
        <name>rootelement</name>
        <data>
            <stringValue>FSIICommon/Login/EditProfilePost</stringValue>
        </data>
    </attribute>
    <attribute>
        <name>elementname</name>
        <data>
            <stringValue>FSIICommon/Login/EditProfilePost</stringValue>
        </data>
    </attribute>
    <attribute>
        <name>resdetails1</name>
        <data>
            <stringValue>eid=1121172250643</stringValue>
        </data>
    </attribute>
    <attribute>
        <name>resdetails2</name>
        <data>
            <stringValue></stringValue>
        </data>
    </attribute>
    <attribute>
        <name>url</name>
        <data>
            <blobValue>
                <filename>FSIICommon/Login/EditProfilePost.jsp</filename>
                <foldername></foldername>
                <filedata></filedata>
            </blobValue>
        </data>
    </attribute>
    <associations>
        <href>myPathassociations</href>
    </associations>
</ns2:assetBean>

<!--==================___ METADATA ___================
<dependencies>
  <linked-hash-set>
    <dependency>
      <depType>N</depType>
      <resType>CSElement</resType>
      <resId>1121172250643</resId>
      <uid>332f3430-206f-4b5d-8b4d-768ee1bbe513</uid>
    </dependency>
  </linked-hash-set>
</dependencies>
==================______________________==================
#
storable0=/ELEMENTS/JSP/FSIICommon/Login/EditProfilePost.jsp|UTF-8|_storable_type\=%2FELEMENTS%2FJSP%2FFSIICommon%2FLogin%2FEditProfilePost.jsp
@hashval=-269555175
key=CSElement-332f3430-206f-4b5d-8b4d-768ee1bbe513
type=ASSETDATA
sites=FirstSiteII

==================___ END METADATA ___==================-->
