<?xml version="1.0" encoding="UTF-8" standalone="yes"?>
<ns2:assetBean xmlns:ns2="http://www.fatwire.com/schema/rest/1.0">
    <id>CSElement:1121172250311</id>
    <name>FSIICommon/Login/LoginUser</name>
    <createdby>firstsite</createdby>
    <createddate>2005-07-12T09:00:29.000Z</createddate>
    <description>Login FSII User</description>
    <publist>FirstSiteII</publist>
    <status>PL</status>
    <subtype></subtype>
    <updatedby>firstsite</updatedby>
    <updateddate>2005-07-12T09:00:29.000Z</updateddate>
    <attribute>
        <name>startdate</name>
        <data/>
    </attribute>
    <attribute>
        <name>enddate</name>
        <data/>
    </attribute>
    <attribute>
        <name>filename</name>
        <data>
            <stringValue></stringValue>
        </data>
    </attribute>
    <attribute>
        <name>path</name>
        <data>
            <stringValue></stringValue>
        </data>
    </attribute>
    <attribute>
        <name>template</name>
        <data>
            <stringValue></stringValue>
        </data>
    </attribute>
    <attribute>
        <name>urlexternaldoc</name>
        <data/>
    </attribute>
    <attribute>
        <name>externaldoctype</name>
        <data>
            <stringValue></stringValue>
        </data>
    </attribute>
    <attribute>
        <name>urlexternaldocxml</name>
        <data/>
    </attribute>
    <attribute>
        <name>fw_uid</name>
        <data>
            <stringValue>bad9b50d-b882-4530-b42e-f59dd107b1b7</stringValue>
        </data>
    </attribute>
    <attribute>
        <name>id</name>
        <data>
            <longValue>1121172250311</longValue>
        </data>
    </attribute>
    <attribute>
        <name>fwtags</name>
        <data/>
    </attribute>
    <attribute>
        <name>Webreference</name>
        <data/>
    </attribute>
    <attribute>
        <name>Composition</name>
        <data/>
    </attribute>
    <attribute>
        <name>Mapping</name>
        <data>
            <structList>
                <item>
                    <name>value</name>
                    <data>
                        <stringValue>CSElement:FSIICommon/Login/LoginUserEngage</stringValue>
                    </data>
                </item>
                <item>
                    <name>siteid</name>
                    <data>
                        <stringValue>1112198287026</stringValue>
                    </data>
                </item>
                <item>
                    <name>type</name>
                    <data>
                        <stringValue>assetname</stringValue>
                    </data>
                </item>
                <item>
                    <name>key</name>
                    <data>
                        <stringValue>LoginUserEngage</stringValue>
                    </data>
                </item>
            </structList>
        </data>
    </attribute>
    <attribute>
        <name>Arguments</name>
        <data/>
    </attribute>
    <attribute>
        <name>category</name>
        <data>
            <stringValue></stringValue>
        </data>
    </attribute>
    <attribute>
        <name>rootelement</name>
        <data>
            <stringValue>FSIICommon/Login/LoginUser</stringValue>
        </data>
    </attribute>
    <attribute>
        <name>elementname</name>
        <data>
            <stringValue>FSIICommon/Login/LoginUser</stringValue>
        </data>
    </attribute>
    <attribute>
        <name>resdetails1</name>
        <data>
            <stringValue>eid=1121172250311</stringValue>
        </data>
    </attribute>
    <attribute>
        <name>resdetails2</name>
        <data>
            <stringValue></stringValue>
        </data>
    </attribute>
    <attribute>
        <name>url</name>
        <data>
            <blobValue>
                <filename>FSIICommon/Login/LoginUser.jsp</filename>
                <foldername></foldername>
                <filedata></filedata>
            </blobValue>
        </data>
    </attribute>
    <associations>
        <href>myPathassociations</href>
    </associations>
</ns2:assetBean>

<!--==================___ METADATA ___================
<dependencies>
  <linked-hash-set>
    <dependency>
      <depType>N</depType>
      <resType>CSElement</resType>
      <resId>1121172250311</resId>
      <uid>bad9b50d-b882-4530-b42e-f59dd107b1b7</uid>
    </dependency>
  </linked-hash-set>
</dependencies>
==================______________________==================
#
storable0=/ELEMENTS/JSP/FSIICommon/Login/LoginUser.jsp|UTF-8|_storable_type\=%2FELEMENTS%2FJSP%2FFSIICommon%2FLogin%2FLoginUser.jsp
@hashval=213624643
key=CSElement-bad9b50d-b882-4530-b42e-f59dd107b1b7
type=ASSETDATA
sites=FirstSiteII

==================___ END METADATA ___==================-->
