<?xml version="1.0" encoding="UTF-8" standalone="yes"?>
<ns2:assetBean xmlns:ns2="http://www.fatwire.com/schema/rest/1.0">
    <id>CSElement:1348205177881</id>
    <name>avisports/footer_NonTouch</name>
    <createdby>fwadmin</createdby>
    <createddate>2012-10-08T03:29:41.957Z</createddate>
    <description>Non touch device footer</description>
    <publist>avisports</publist>
    <status>PL</status>
    <subtype></subtype>
    <updatedby>fwadmin</updatedby>
    <updateddate>2012-10-08T03:29:41.957Z</updateddate>
    <attribute>
        <name>startdate</name>
        <data/>
    </attribute>
    <attribute>
        <name>enddate</name>
        <data/>
    </attribute>
    <attribute>
        <name>filename</name>
        <data>
            <stringValue></stringValue>
        </data>
    </attribute>
    <attribute>
        <name>path</name>
        <data>
            <stringValue></stringValue>
        </data>
    </attribute>
    <attribute>
        <name>template</name>
        <data>
            <stringValue></stringValue>
        </data>
    </attribute>
    <attribute>
        <name>urlexternaldoc</name>
        <data/>
    </attribute>
    <attribute>
        <name>externaldoctype</name>
        <data>
            <stringValue></stringValue>
        </data>
    </attribute>
    <attribute>
        <name>urlexternaldocxml</name>
        <data/>
    </attribute>
    <attribute>
        <name>fw_uid</name>
        <data>
            <stringValue>7e69b27f-685f-4a5b-97a6-45a47f8c3662</stringValue>
        </data>
    </attribute>
    <attribute>
        <name>id</name>
        <data>
            <longValue>1348205177881</longValue>
        </data>
    </attribute>
    <attribute>
        <name>fwtags</name>
        <data/>
    </attribute>
    <attribute>
        <name>Composition</name>
        <data/>
    </attribute>
    <attribute>
        <name>Mapping</name>
        <data/>
    </attribute>
    <attribute>
        <name>Arguments</name>
        <data/>
    </attribute>
    <attribute>
        <name>category</name>
        <data>
            <stringValue></stringValue>
        </data>
    </attribute>
    <attribute>
        <name>rootelement</name>
        <data>
            <stringValue>avisports/footer_NonTouch</stringValue>
        </data>
    </attribute>
    <attribute>
        <name>elementname</name>
        <data>
            <stringValue>avisports/footer_NonTouch</stringValue>
        </data>
    </attribute>
    <attribute>
        <name>resdetails1</name>
        <data>
            <stringValue>eid=1348205177881</stringValue>
        </data>
    </attribute>
    <attribute>
        <name>resdetails2</name>
        <data>
            <stringValue></stringValue>
        </data>
    </attribute>
    <attribute>
        <name>url</name>
        <data>
            <blobValue>
                <filename>avisports\footer_NonTouch.jsp</filename>
                <foldername></foldername>
                <filedata></filedata>
            </blobValue>
        </data>
    </attribute>
    <associations>
        <href>myPathassociations</href>
    </associations>
</ns2:assetBean>

<!--==================___ METADATA ___================
<dependencies>
  <list>
    <dependency>
      <depType>N</depType>
      <resType>CSElement</resType>
      <resId>1348205177881</resId>
      <uid>7e69b27f-685f-4a5b-97a6-45a47f8c3662</uid>
    </dependency>
  </list>
</dependencies>
==================______________________==================
#
#Mon Oct 08 09:07:47 IST 2012
storable0=/ELEMENTS/JSP/avisports/footer_NonTouch.jsp|UTF-8|_storable_type\=%2FELEMENTS%2FJSP%2Favisports%2Ffooter_NonTouch.jsp
@hashval=-2143712184
key=CSElement-7e69b27f-685f-4a5b-97a6-45a47f8c3662
type=ASSETDATA
sites=avisports

==================___ END METADATA ___==================-->
