<object-stream>
  <com.fatwire.realtime.ResourceDataImpl>
    <id class="string">fatwire/wem/sso/casInfo</id>
    <resourceType>ELEMENTCATALOG</resourceType>
    <deps class="empty-set"/>
    <data class="com.openmarket.xcelerate.common.ElementCatalogEntry" serialization="custom">
      <com.openmarket.xcelerate.common.ElementCatalogEntry>
        <int>1</int>
        <string>fatwire/wem/sso/casInfo</string>
        <string>Element is used to send SSO information to cs clients</string>
        <string></string>
        <string></string>
        <string>fatwire/wem/sso/casInfo.jsp</string>
        <string></string>
        <string></string>
      </com.openmarket.xcelerate.common.ElementCatalogEntry>
    </data>
  </com.fatwire.realtime.ResourceDataImpl>
</object-stream>
<!--==================___ METADATA ___================
<dependencies>
  <linked-hash-set/>
</dependencies>
==================______________________==================
#
storable0=/ELEMENTS/JSP/fatwire/wem/sso/casInfo.jsp|null|_storable_type\=%2FELEMENTS%2FJSP%2Ffatwire%2Fwem%2Fsso%2FcasInfo.jsp
@hashval=1660303862
key=@ELEMENTCATALOG-fatwire/wem/sso/casInfo
type=ELEMENTCATALOG

==================___ END METADATA ___==================-->
