<object-stream>
  <com.fatwire.realtime.ResourceDataImpl>
    <id class="string">fatwire/wem/sso/validateMultiticket</id>
    <resourceType>ELEMENTCATALOG</resourceType>
    <deps class="empty-set"/>
    <data class="com.openmarket.xcelerate.common.ElementCatalogEntry" serialization="custom">
      <com.openmarket.xcelerate.common.ElementCatalogEntry>
        <int>1</int>
        <string>fatwire/wem/sso/validateMultiticket</string>
        <string>Remote satellite server uses this element to validate multiticket</string>
        <string></string>
        <string></string>
        <string>fatwire/wem/sso/validateMultiticket.jsp</string>
        <string></string>
        <string></string>
      </com.openmarket.xcelerate.common.ElementCatalogEntry>
    </data>
  </com.fatwire.realtime.ResourceDataImpl>
</object-stream>
<!--==================___ METADATA ___================
<dependencies>
  <linked-hash-set/>
</dependencies>
==================______________________==================
#
storable0=/ELEMENTS/JSP/fatwire/wem/sso/validateMultiticket.jsp|null|_storable_type\=%2FELEMENTS%2FJSP%2Ffatwire%2Fwem%2Fsso%2FvalidateMultiticket.jsp
@hashval=1083623426
key=@ELEMENTCATALOG-fatwire/wem/sso/validateMultiticket
type=ELEMENTCATALOG

==================___ END METADATA ___==================-->
