<object-stream>
  <com.fatwire.realtime.ResourceDataImpl>
    <id class="string">fatwire/wem/ui/SysLocStrSvc</id>
    <resourceType>ELEMENTCATALOG</resourceType>
    <deps class="empty-set"/>
    <data class="com.openmarket.xcelerate.common.ElementCatalogEntry" serialization="custom">
      <com.openmarket.xcelerate.common.ElementCatalogEntry>
        <int>1</int>
        <string>fatwire/wem/ui/SysLocStrSvc</string>
        <string>Service for retrieving SystemLocaleStrings to the client side</string>
        <string></string>
        <string></string>
        <string>fatwire/wem/ui/SysLocStrSvc.jsp</string>
        <string></string>
        <string></string>
      </com.openmarket.xcelerate.common.ElementCatalogEntry>
    </data>
  </com.fatwire.realtime.ResourceDataImpl>
</object-stream>
<!--==================___ METADATA ___================
<dependencies>
  <linked-hash-set/>
</dependencies>
==================______________________==================
#
storable0=/ELEMENTS/JSP/fatwire/wem/ui/SysLocStrSvc.jsp|null|_storable_type\=%2FELEMENTS%2FJSP%2Ffatwire%2Fwem%2Fui%2FSysLocStrSvc.jsp
@hashval=-155657581
key=@ELEMENTCATALOG-fatwire/wem/ui/SysLocStrSvc
type=ELEMENTCATALOG

==================___ END METADATA ___==================-->
