<object-stream>
  <com.fatwire.realtime.ResourceDataImpl>
    <id class="string">OpenMarket/Gator/FlexibleAssets/AssetMaker/Custom/FlexAssets/ContentForm</id>
    <resourceType>ELEMENTCATALOG</resourceType>
    <deps class="empty-set"/>
    <data class="com.openmarket.xcelerate.common.ElementCatalogEntry" serialization="custom">
      <com.openmarket.xcelerate.common.ElementCatalogEntry>
        <int>1</int>
        <string>OpenMarket/Gator/FlexibleAssets/AssetMaker/Custom/FlexAssets/ContentForm</string>
        <string>SearchForm</string>
        <string></string>
        <string></string>
        <string>OpenMarket/Gator/FlexibleAssets/AssetMaker/Custom/FlexAssets/ContentForm.jsp</string>
        <string></string>
        <string></string>
      </com.openmarket.xcelerate.common.ElementCatalogEntry>
    </data>
  </com.fatwire.realtime.ResourceDataImpl>
</object-stream>
<!--==================___ METADATA ___================
<dependencies>
  <linked-hash-set/>
</dependencies>
==================______________________==================
#
storable0=/ELEMENTS/JSP/OpenMarket/Gator/FlexibleAssets/AssetMaker/Custom/FlexAssets/ContentForm.jsp|null|_storable_type\=%2FELEMENTS%2FJSP%2FOpenMarket%2FGator%2FFlexibleAssets%2FAssetMaker%2FCustom%2FFlexAssets%2FContentForm.jsp
@hashval=34405282
key=@ELEMENTCATALOG-OpenMarket/Gator/FlexibleAssets/AssetMaker/Custom/FlexAssets/ContentForm
type=ELEMENTCATALOG

==================___ END METADATA ___==================-->
