<object-stream>
  <com.fatwire.realtime.ResourceDataImpl>
    <id class="string">OpenMarket/Xcelerate/Actions/AssetMgt/ManageAssetChildren</id>
    <resourceType>ELEMENTCATALOG</resourceType>
    <deps class="empty-set"/>
    <data class="com.openmarket.xcelerate.common.ElementCatalogEntry" serialization="custom">
      <com.openmarket.xcelerate.common.ElementCatalogEntry>
        <int>1</int>
        <string>OpenMarket/Xcelerate/Actions/AssetMgt/ManageAssetChildren</string>
        <string>Structure the asset&apos;s child assets for display</string>
        <string></string>
        <string></string>
        <string>OpenMarket/Xcelerate/Actions/AssetMgt/ManageAssetChildren.jsp</string>
        <string></string>
        <string></string>
      </com.openmarket.xcelerate.common.ElementCatalogEntry>
    </data>
  </com.fatwire.realtime.ResourceDataImpl>
</object-stream>
<!--==================___ METADATA ___================
<dependencies>
  <linked-hash-set/>
</dependencies>
==================______________________==================
#
storable0=/ELEMENTS/JSP/OpenMarket/Xcelerate/Actions/AssetMgt/ManageAssetChildren.jsp|null|_storable_type\=%2FELEMENTS%2FJSP%2FOpenMarket%2FXcelerate%2FActions%2FAssetMgt%2FManageAssetChildren.jsp
@hashval=561678105
key=@ELEMENTCATALOG-OpenMarket/Xcelerate/Actions/AssetMgt/ManageAssetChildren
type=ELEMENTCATALOG

==================___ END METADATA ___==================-->
