<object-stream>
  <com.fatwire.realtime.ResourceDataImpl>
    <id class="string">OpenMarket/Xcelerate/Actions/AssetMgt/OrderSiteplanTile</id>
    <resourceType>ELEMENTCATALOG</resourceType>
    <deps class="empty-set"/>
    <data class="com.openmarket.xcelerate.common.ElementCatalogEntry" serialization="custom">
      <com.openmarket.xcelerate.common.ElementCatalogEntry>
        <int>1</int>
        <string>OpenMarket/Xcelerate/Actions/AssetMgt/OrderSiteplanTile</string>
        <string>Display Siteplans for a site</string>
        <string></string>
        <string></string>
        <string>OpenMarket/Xcelerate/Actions/AssetMgt/OrderSiteplanTile.jsp</string>
        <string></string>
        <string></string>
      </com.openmarket.xcelerate.common.ElementCatalogEntry>
    </data>
  </com.fatwire.realtime.ResourceDataImpl>
</object-stream>
<!--==================___ METADATA ___================
<dependencies>
  <linked-hash-set/>
</dependencies>
==================______________________==================
#
storable0=/ELEMENTS/JSP/OpenMarket/Xcelerate/Actions/AssetMgt/OrderSiteplanTile.jsp|null|_storable_type\=%2FELEMENTS%2FJSP%2FOpenMarket%2FXcelerate%2FActions%2FAssetMgt%2FOrderSiteplanTile.jsp
@hashval=499059993
key=@ELEMENTCATALOG-OpenMarket/Xcelerate/Actions/AssetMgt/OrderSiteplanTile
type=ELEMENTCATALOG

==================___ END METADATA ___==================-->
