<object-stream>
  <com.fatwire.realtime.ResourceDataImpl>
    <id class="string">OpenMarket/Flame/Common/AskLogin</id>
    <resourceType>ELEMENTCATALOG</resourceType>
    <deps class="empty-set"/>
    <data class="com.openmarket.xcelerate.common.ElementCatalogEntry" serialization="custom">
      <com.openmarket.xcelerate.common.ElementCatalogEntry>
        <int>1</int>
        <string>OpenMarket/Flame/Common/AskLogin</string>
        <string>used when the user is not logined to portal</string>
        <string></string>
        <string></string>
        <string>OpenMarket/Flame/Common/AskLogin.jsp</string>
        <string></string>
        <string></string>
      </com.openmarket.xcelerate.common.ElementCatalogEntry>
    </data>
  </com.fatwire.realtime.ResourceDataImpl>
</object-stream>
<!--==================___ METADATA ___================
<dependencies>
  <linked-hash-set/>
</dependencies>
==================______________________==================
#
storable0=/ELEMENTS/JSP/OpenMarket/Flame/Common/AskLogin.jsp|null|_storable_type\=%2FELEMENTS%2FJSP%2FOpenMarket%2FFlame%2FCommon%2FAskLogin.jsp
@hashval=2101634738
key=@ELEMENTCATALOG-OpenMarket/Flame/Common/AskLogin
type=ELEMENTCATALOG

==================___ END METADATA ___==================-->
